market_id,player_1,player_2,odds_player_1,odds_player_2,match_id,actual_winner,winner_name,loser_name,match_date,selection_id_1,selection_id_2,implied_prob_1,implied_prob_2,odds_margin,implied_prob_diff,odds,odds_2,implied_prob,implied_diff
1.223429688,Sofia Kenin,Iga Swiatek,,,e344243315,Iga Swiatek,Iga Swiatek,Sofia Kenin,2024-01-15,9149629,12085633,,,,,,,,
1.223429872,Angelique Kerber,Danielle Collins,,,2713057d7d,Danielle Collins,Danielle Collins,Angelique Kerber,2024-01-15,2411840,9626845,,,,,,,,
1.223430143,Yoshihito Nishioka,Holger Rune,,,fa8ca7f93e,,,,,7137497,39127965,,,,,,,,
1.223430239,Elina Svitolina,Taylah Preston,,,8b9dc256f5,Elina Svitolina,Elina Svitolina,Taylah Preston,2024-01-15,6324464,28071385,,,,,,,,
1.223430243,Laslo Djere,Arthur Cazaux,,,389ae74d15,,,,,7692106,24918582,,,,,,,,
1.223430339,Jiri Vesely,Arthur Fils,,,067af8f614,,,,,7032143,38374961,,,,,,,,
1.22343038,Marie Bouzkova,Linda Noskova,,,bccb5f6acc,Linda Noskova,Linda Noskova,Marie Bouzkova,2024-01-15,8442764,22088831,,,,,,,,
1.223430474,Karolina Pliskova,Elena Rybakina,,,4a618e1027,Elena Rybakina,Elena Rybakina,Karolina Pliskova,2024-01-15,6199453,10349398,,,,,,,,
1.223430802,Roman Safiullin,Tallon Griekspoor,,,90096066ce,,,,,9125686,9198585,,,,,,,,
1.223431003,Bernabe Zapata Miralles,Jiri Lehecka,,,3983c375ee,,,,,9630472,13203243,,,,,,,,
1.2234315,Juan Pablo Varillas,Cameron Norrie,,,447110811b,,,,,11772759,42669524,,,,,,,,
1.223431506,Katerina Siniakova,Jaqueline Cristian,,,6f8e01aa66,Katerina Siniakova,Katerina Siniakova,Jaqueline Cristian,2024-01-15,9627794,9627961,,,,,,,,
1.22343151,Federico Coria,Zhizhen Zhang,,,3dbc8f574b,,,,,8326752,9628959,,,,,,,,
1.223431606,Albert Ramos-Vinolas,Casper Ruud,,,b22b19179a,,,,,8621877,9629711,,,,,,,,
1.223431613,Cristina Bucsa,Anna Blinkova,,,11434158f2,Anna Blinkova,Anna Blinkova,Cristina Bucsa,2024-01-15,9629258,9635244,,,,,,,,
1.223431861,Grigor Dimitrov,Marton Fucsovics,,,3a38eb70bf,,,,,3120169,4827766,,,,,,,,
1.223431867,Viktorija Golubic,Veronika Kudermetova,,,fad39887aa,Viktorija Golubic,Viktorija Golubic,Veronika Kudermetova,2024-01-15,7283232,8279497,,,,,,,,
1.223432051,Maximilian Marterer,Nuno Borges,,,ea73edc960,,,,,7335940,9633043,,,,,,,,
1.223432302,Miomir Kecmanovic,Yosuke Watanuki,,,4428a81b96,,,,,9657480,19924830,,,,,,,,
1.223432398,Constant Lestienne,Alejandro Davidovich Fokina,,,627c08c33d,,,,,7797931,10901351,,,,,,,,
1.223432404,Jan-Lennard Struff,Rinky Hijikata,,,d243015036,,,,,8259098,12343905,,,,,,,,
1.22343241,Kimberly Birrell,Jelena Ostapenko,,,74209eeb0c,Jelena Ostapenko,Jelena Ostapenko,Kimberly Birrell,2024-01-15,8183109,8827537,,,,,,,,
1.223432554,Mackenzie McDonald,Juncheng Shang,,,6dd5bd3e48,,,,,7569897,38901959,,,,,,,,
1.223432708,Lorenzo Sonego,Daniel Evans,,,8e57ee41be,,,,,8826925,52326708,,,,,,,,
1.223432804,Richard Gasquet,Carlos Alcaraz,,,ab8a258fec,,,,,2249399,25215583,,,,,,,,
1.22343296,Petra Martic,Ajla Tomljanovic,,,d8713062c2,Ajla Tomljanovic,Ajla Tomljanovic,Petra Martic,2024-01-15,2346703,63264473,,,,,,,,
1.223432964,Dominic Thiem,Felix Auger-Aliassime,,,2ac860acf6,,,,,5720747,64797861,,,,,,,,
1.223433193,Bernarda Pera,Mirra Andreeva,,,29a96277a0,Mirra Andreeva,Mirra Andreeva,Bernarda Pera,2024-01-15,8784983,49006396,,,,,,,,
1.223433293,Emil Ruusuvuori,Patrick Kypson,,,5dd123a4e3,,,,,8979329,10555097,,,,,,,,
1.223433299,Emina Bektas,Kamilla Rakhimova,,,f20f05e7cd,Kamilla Rakhimova,Kamilla Rakhimova,Emina Bektas,2024-01-15,9627484,11144238,,,,,,,,
1.223433419,Greet Minnen,Clara Tauson,,,fa1fcfea4d,Clara Tauson,Clara Tauson,Greet Minnen,2024-01-15,10108736,18848679,,,,,,,,
1.223433423,Diane Parry,Xinyu Wang,,,445859671f,Diane Parry,Diane Parry,Xin Yu Wang,2024-01-15,12737413,13578400,,,,,,,,
1.223433427,Tatjana Maria,Camila Osorio,,,9f941073c5,Tatjana Maria,Tatjana Maria,Camila Osorio,2024-01-15,7299657,11024005,,,,,,,,
1.223433547,Laura Siegemund,Ekaterina Alexandrova,,,380dc0b3f2,Laura Siegemund,Laura Siegemund,Ekaterina Alexandrova,2024-01-15,4829328,8681458,,,,,,,,
1.223433729,Tamara Korpatsch,Jodie Burrage,,,74c865455e,Tamara Korpatsch,Tamara Korpatsch,Jodie Burrage,2024-01-15,9166525,9631606,,,,,,,,
1.223434033,Jasmine Paolini,Diana Shnaider,,,93a6f013e3,Jasmine Paolini,Jasmine Paolini,Diana Shnaider,2024-01-15,8944356,41341015,,,,,,,,
1.223434037,Barbora Krejcikova,Mai Hontama,,,a52d595b8c,Barbora Krejcikova,Barbora Krejcikova,Mai Hontama,2024-01-15,8784972,10350145,,,,,,,,
1.223434607,Amanda Anisimova,Liudmila Samsonova,,,5faf746daf,Amanda Anisimova,Amanda Anisimova,Liudmila Samsonova,2024-01-15,11636088,21067365,,,,,,,,
1.223434759,Elina Avanesyan,Zhuoxuan Bai,,,cb40d8437e,Elina Avanesyan,Elina Avanesyan,Zhuoxuan Bai,2024-01-15,14383103,25078969,,,,,,,,
1.223434821,Nadia Podoroska,Tamara Zidansek,,,6ab324857c,Nadia Podoroska,Nadia Podoroska,Tamara Zidansek,2024-01-15,9042349,9631543,,,,,,,,
1.223434945,Claire Liu,Marta Kostyuk,,,ac644f9763,Marta Kostyuk,Marta Kostyuk,Claire Liu,2024-01-15,9633041,11694656,,,,,,,,
1.223434949,Taylor Townsend,Paula Badosa,,,2bcfb2be0b,Paula Badosa,Paula Badosa,Taylor Townsend,2024-01-15,7066166,7412588,,,,,,,,
1.223435127,Elise Mertens,Mayar Sherif,,,ec928543f5,Elise Mertens,Elise Mertens,Mayar Sherif,2024-01-15,9002334,9028621,,,,,,,,
1.223435131,Anastasia Pavlyuchenkova,Donna Vekic,,,5a8c819959,Anastasia Pavlyuchenkova,Anastasia Pavlyuchenkova,Donna Vekic,2024-01-15,2263701,6603944,,,,,,,,
1.223435255,Lesia Tsurenko,Lucia Bronzetti,,,fba8760c07,Lesia Tsurenko,Lesia Tsurenko,Lucia Bronzetti,2024-01-15,5300861,9631351,,,,,,,,
1.223435259,Caroline Wozniacki,Magda Linette,,,1d64548a2d,Caroline Wozniacki,Caroline Wozniacki,Magda Linette,2024-01-15,2309522,7083215,,,,,,,,
1.223435321,Emma Navarro,Xiyu Wang,,,186acf92be,Emma Navarro,Emma Navarro,Xiyu Wang,2024-01-15,10410355,11352357,,,,,,,,
1.223435325,Aliaksandra Sasnovich,Rebeka Masarova,,,a932eecc3f,Rebeka Masarova,Rebeka Masarova,Aliaksandra Sasnovich,2024-01-15,7283310,10372262,,,,,,,,
1.223435565,Yanina Wickmayer,Varvara Gracheva,,,073b4239be,Varvara Gracheva,Varvara Gracheva,Yanina Wickmayer,2024-01-15,2386943,10942984,,,,,,,,
1.223435569,Caroline Garcia,Naomi Osaka,,,04874f3c6f,Caroline Garcia,Caroline Garcia,Naomi Osaka,2024-01-15,5248977,64406703,,,,,,,,
1.223435573,Daria Kasatkina,Peyton Stearns,,,1613279d37,Daria Kasatkina,Daria Kasatkina,Peyton Stearns,2024-01-15,7795290,13835088,,,,,,,,
1.223435783,Qinwen Zheng,Ashlyn Krueger,,,bb0fe68460,Qinwen Zheng,Qinwen Zheng,Ashlyn Krueger,2024-01-15,18848380,24143371,,,,,,,,
1.223435787,Magdalena Frech,Daria Saville,,,b8a725d7d7,Magdalena Frech,Magdalena Frech,Daria Saville,2024-01-15,8444351,42231870,,,,,,,,
1.223436418,Kaja Juvan,Anastasia Potapova,,,0e541a6e62,Kaja Juvan,Kaja Juvan,Anastasia Potapova,2024-01-15,9635566,10554735,,,,,,,,
1.223436572,Gael Monfils,Yannick Hanfmann,,,465db68895,,,,,2257300,8639275,,,,,,,,
1.223436938,Andy Murray,Tomas Martin Etcheverry,,,9600ad9ed2,,,,,2256509,9631399,,,,,,,,
1.223437034,Adrian Mannarino,Stan Wawrinka,,,3226d331bf,,,,,3066621,19924832,,,,,,,,
1.223437133,Katie Boulter,Yue Yuan,,,e995916f86,Katie Boulter,Katie Boulter,Yue Yuan,2024-01-15,8619018,9634353,,,,,,,,
1.223437276,Jaume Munar,Alexander Shevchenko,,,bb2d018b02,,,,,9350385,15134244,,,,,,,,
1.223437471,Shelby Rogers,Emma Raducanu,,,3feaeab0b6,Emma Raducanu,Emma Raducanu,Shelby Rogers,2024-01-15,4943786,18849246,,,,,,,,
1.223438076,Sorana Cirstea,Yafan Wang,,,c03aab18c3,Yafan Wang,Yafan Wang,Sorana Cirstea,2024-01-15,2387871,7695509,,,,,,,,
1.22343826,Christopher O'Connell,Cristian Garin,,,c6643c394b,,,,,8942164,23814703,,,,,,,,
1.223438324,Oceane Dodin,Lin Zhu,,,9a9013032c,Oceane Dodin,Oceane Dodin,Lin Zhu,2024-01-15,7289631,8714569,,,,,,,,
1.223438476,Roberto Bautista Agut,Ben Shelton,,,c2abeb03c4,,,,,4290403,39460566,,,,,,,,
1.223438482,Aleksandra Krunic,Clara Burel,,,aa00ac3e8e,Clara Burel,Clara Burel,Aleksandra Krunic,2024-01-15,5300820,10351066,,,,,,,,
1.223438681,Botic Van de Zandschulp,Jannik Sinner,,,fc00360302,,,,,9628851,10372253,,,,,,,,
1.223438873,Jason Kubler,Daniel Elahi Galan,,,9cfca2e4a4,,,,,4448756,8860646,,,,,,,,
1.223439059,Marin Cilic,Fabian Marozsan,,,b03695b6f9,,,,,2263681,11942150,,,,,,,,
1.223439065,Sebastian Baez,J.j. Wolf,,,754b4047ed,,,,,11285506,35727604,,,,,,,,
1.223439253,Benjamin Bonzi,Lorenzo Musetti,,,135d7652e3,,,,,9632014,13834991,,,,,,,,
1.223439259,Borna Coric,Frances Tiafoe,,,2854ae35bc,,,,,7446579,19924839,,,,,,,,
1.223439541,Karen Khachanov,Daniel Altmaier,,,4303f0feaa,,,,,7659623,9632088,,,,,,,,
1.223439547,Aleksandar Vukic,Jordan Thompson,,,f6967e3fa7,,,,,8979695,19924841,,,,,,,,
1.223439643,Milos Raonic,Alex De Minaur,,,0a64adb925,,,,,4105819,10109527,,,,,,,,
1.223439862,Adam Walton,Matteo Arnaldi,,,9974a58999,,,,,10410236,21067270,,,,,,,,
1.223440215,Christopher Eubanks,Taro Daniel,,,db2c53e8b6,,,,,7445660,8173434,,,,,,,,
1.223440491,Andrey Rublev,Thiago Seyboth Wild,,,49bb7b16a1,,,,,7797771,9632015,,,,,,,,
1.223479976,Francisco Cerundolo,Dane Sweeny,,,b00d8fdbbd,,,,,11204210,17980077,,,,,,,,
1.22348018,Pedro Cachin,Jesper De Jong,,,f2bad1227a,,,,,8461316,64751402,,,,,,,,
1.223480522,Alejandro Tabilo,Aleksandar Kovacevic,,,ce6f4e399c,,,,,9630879,11439844,,,,,,,,
1.223480654,Nicolas Jarry,Flavio Cobolli,,,bf6e2de8d2,,,,,8260515,16570658,,,,,,,,
1.223480779,Vit Kopriva,Sebastian Korda,,,e23d95337b,,,,,9543224,10902223,,,,,,,,
1.223480875,Quentin Halys,Lloyd Harris,,,c8376b8ec3,,,,,7287690,11313212,,,,,,,,
1.223481402,Denis Shapovalov,Jakub Mensik,,,3c69aabc23,,,,,19924829,39835947,,,,,,,,
1.223482056,Omar Jasika,Hubert Hurkacz,,,766524670e,,,,,7335917,19924838,,,,,,,,
1.223482152,Hugo Grenier,Alexandre Muller,,,47a8521eef,,,,,8813394,9630445,,,,,,,,
1.223482344,Lukas Klein,Soonwoo Kwon,,,e403b4f164,,,,,9635456,16149526,,,,,,,,
1.223482468,Dusan Lajovic,Giulio Zeppieri,,,7ccc7723b2,,,,,4688724,12154088,,,,,,,,
1.22348266,Mate Valkusz,Max Purcell,,,1c631353df,,,,,9953339,10460213,,,,,,,,
1.223482756,Sumit Nagal,Alexander Bublik,,,9dd0b8280e,,,,,8173039,8907933,,,,,,,,
1.223486727,Fiona Ferro,Mccartney Kessler,,,27b39e34f7,Mccartney Kessler,Mccartney Kessler,Fiona Ferro,2024-01-15,8535268,63908231,,,,,,,,
1.223486789,Lulu Sun,Elisabetta Cocciaretto,,,ecd292446f,Elisabetta Cocciaretto,Elisabetta Cocciaretto,Lulu Sun,2024-01-15,17311444,18848114,,,,,,,,
1.223486851,Marketa Vondrousova,Dayana Yastremska,,,6813711786,Dayana Yastremska,Dayana Yastremska,Marketa Vondrousova,2024-01-15,9433253,9634670,,,,,,,,
1.223487129,Anna Kalinskaya,Katie Volynets,,,9f0f1a3e42,Anna Kalinskaya,Anna Kalinskaya,Katie Volynets,2024-01-15,8907174,13369546,,,,,,,,
1.223487286,Rebecca Marino,Jessica Pegula,,,2ff9c890b4,Jessica Pegula,Jessica Pegula,Rebecca Marino,2024-01-15,3444552,6215852,,,,,,,,
1.223487441,Alize Cornet,Maria Timofeeva,,,828e6bf86e,Maria Timofeeva,Maria Timofeeva,Alize Cornet,2024-01-15,2263692,20136628,,,,,,,,
1.223487503,Sara Sorribes Tormo,Alina Korneeva,,,af5d3c6309,Alina Korneeva,Alina Korneeva,Sara Sorribes Tormo,2024-01-15,6356637,59478282,,,,,,,,
1.223487565,Yulia Putintseva,Anastasia Zakharova,,,c37ecdaa37,Anastasia Zakharova,Anastasia Zakharova,Yulia Putintseva,2024-01-15,4259580,13320579,,,,,,,,
1.223487627,Leylah Fernandez,Sara Bejlek,,,2c5e9e6553,Leylah Fernandez,Leylah Fernandez,Sara Bejlek,2024-01-15,11987709,35737965,,,,,,,,
1.22348778,Alycia Parks,Daria Snigur,,,e57600a3c8,Alycia Parks,Alycia Parks,Daria Snigur,2024-01-15,11233227,18848101,,,,,,,,
1.223487905,Ons Jabeur,Yuliia Starodubtseva,,,5eb8488b22,Ons Jabeur,Ons Jabeur,Yuliia Starodubtseva,2024-01-15,6161111,51425210,,,,,,,,
1.223487967,Sara Errani,Storm Hunter,,,46a2dce374,Storm Hunter,Storm Hunter,Sara Errani,2024-01-15,2309567,50836638,,,,,,,,
1.223488029,Ana Bogdan,Brenda Fruhvirtova,,,1562316945,Brenda Fruhvirtova,Brenda Fruhvirtova,Ana Bogdan,2024-01-15,3875013,42133537,,,,,,,,
1.223488126,Ella Seidel,Aryna Sabalenka,,,22d3716ed3,Aryna Sabalenka,Aryna Sabalenka,Ella Seidel,2024-01-15,44932193,64563186,,,,,,,,
1.223541122,Tennys Sandgren,Kaichi Uchida,,,38cf6fe5a0,,,,,6604266,8957119,,,,,,,,
1.22354113,Giovanni Fonio,Nick Hardt,,,55bccf97a8,,,,,9712890,10583361,,,,,,,,
1.223552277,Roberto Carballes Baena,Hugo Gaston,,,549de1f1e8,,,,,7185192,10303696,,,,,,,,
1.223552861,Michael Geerts,John Echeverria,,,f6133c94d6,,,,,8874195,19446888,,,,,,,,
1.223552873,Valentin Royer,Tomas Quesada Perez,,,570a651c93,,,,,21256256,38578437,,,,,,,,
1.223552877,Altug Celikbilek,Vilius Gaubas,,,2ef1bf61dd,,,,,8842202,25215633,,,,,,,,
1.223552885,Federico Iannaccone,Aidan Mchugh,,,37accba1d1,,,,,11144234,51188773,,,,,,,,
1.223552893,Lorenzo Giustino,Alberto Barroso Campos,,,7882266f0d,,,,,7534093,9634521,,,,,,,,
1.223552897,Enrico Dalla Valle,Javier Barranco Cosano,,,d758517e70,,,,,8998802,10082231,,,,,,,,
1.223553301,Ryan Peniston,Gijs Brouwer,,,83a1ad1f9a,,,,,9629249,9629296,,,,,,,,
1.223559992,Barbora Krejcikova,Tamara Korpatsch,,,50fd2d610e,Barbora Krejcikova,Barbora Krejcikova,Tamara Korpatsch,2024-01-15,8784972,9166525,,,,,,,,
1.223560109,Alycia Parks,Leylah Fernandez,,,1ee0b4c091,Alycia Parks,Alycia Parks,Leylah Fernandez,2024-01-15,11233227,11987709,,,,,,,,
1.223560822,Maria Sakkari,Elina Avanesyan,,,47792fed3a,Elina Avanesyan,Elina Avanesyan,Maria Sakkari,2024-01-15,9002331,14383103,,,,,,,,
1.223561566,Kamilla Rakhimova,Diane Parry,,,a89934bf71,Diane Parry,Diane Parry,Kamilla Rakhimova,2024-01-15,11144238,12737413,,,,,,,,
1.223567489,Orlando Luz,Luciano Emanuel Ambrogi,,,ab86941aaf,,,,,9420501,42553870,,,,,,,,
1.223567493,Mateus Alves,Nicolas Mejia,,,4e750f72f3,,,,,9628680,10902197,,,,,,,,
1.223567494,Ernesto Escobedo,Max Houkes,,,155e967aed,,,,,8700174,19064042,,,,,,,,
1.223567507,Otto Virtanen,Abdullah Shelbayh,,,9d8e022ef9,,,,,11694730,53128067,,,,,,,,
1.223567521,Francesco Maestrelli,Daniel Rincon,,,a6dda452d2,,,,,21652017,27592752,,,,,,,,
1.22356753,Benoit Paire,Geoffrey Blancaneaux,,,b3192c8c23,,,,,3911345,9196749,,,,,,,,
1.223567534,Mikhail Kukushkin,Martin Damm,,,71b7e1fe36,,,,,2609424,19783583,,,,,,,,
1.223567652,Caroline Wozniacki,Maria Timofeeva,,,829f7414f0,Maria Timofeeva,Maria Timofeeva,Caroline Wozniacki,2024-01-15,2309522,20136628,,,,,,,,
1.223567699,Pablo Llamas Ruiz,Alibek Kachmazov,,,5ab8f42477,,,,,17980033,20357631,,,,,,,,
1.223567844,Franco Agamenone,Ricardas Berankis,,,6a7b37e18e,,,,,8979622,19924827,,,,,,,,
1.223568472,Stefanos Tsitsipas,Zizou Bergs,,,aeeb8ad711,,,,,9193006,9634024,,,,,,,,
1.223568721,Ajeet Rai,Elijah Strode,,,67d3f17943,,,,,16655852,41684629,,,,,,,,
1.223572975,Fabio Fognini,Matteo Martineau,,,ec3454ccbc,,,,,2319544,9712888,,,,,,,,
1.223574465,Daniel Elahi Galan,Sebastian Baez,,,714e5826eb,,,,,8860646,11285506,,,,,,,,
1.223575567,Tomas Machac,Frances Tiafoe,,,057baaa56c,,,,,16149495,19924839,,,,,,,,
1.223575713,Brenda Fruhvirtova,Aryna Sabalenka,,,39dbcb7024,Aryna Sabalenka,Aryna Sabalenka,Brenda Fruhvirtova,2024-01-15,42133537,64563186,,,,,,,,
1.223575797,Yan Bai,Nicolas Moreno de Alboran,,,d016f18c28,,,,,3357363,10636263,,,,,,,,
1.223575844,Stefan Kozlov,Ezekiel Clark,,,f484dd339b,,,,,7415002,14833284,,,,,,,,
1.223575852,Nathan Ponwith,Patrick Brady,,,20a22016ae,,,,,9629837,43172315,,,,,,,,
1.223575864,Darian King,James Tracy,,,f3c1ba144a,,,,,8413749,40984959,,,,,,,,
1.223578581,Jacob Brumm,Quinn Vandecasteele,,,e05dc15732,,,,,12819784,25084200,,,,,,,,
1.223590546,Bernard Tomic,Akira Santillan,,,546898e43b,,,,,3588868,8194193,,,,,,,,
1.223590554,Michael Geerts,Aidan Mchugh,,,138d49c36a,,,,,8874195,51188773,,,,,,,,
1.223590568,August Holmgren,Guy Den Ouden,,,380a31b2c5,,,,,10372237,36157022,,,,,,,,
1.22359327,Andrea Lazaro Garcia,Boyoung Jeong,,,def0143af7,,,,,13369565,15134125,,,,,,,,
1.223593271,Defne Cirpanli,Anastasiia Gureva,,,03700d738a,,,,,26794102,63375005,,,,,,,,
1.223596671,Arneodo/Weissborn,Bolelli/Vavassori,,,9ecb3160a1,,,,,16791661,38394420,,,,,,,,
1.223596684,Halys/Mannarino,Cash/Galloway,,,282df4ddb6,,,,,12036502,58527868,,,,,,,,
1.223596688,Escobar/Nedovyesov,Borges/Vukic,,,01eb42d344,,,,,56983677,64929448,,,,,,,,
1.22359672,Chandrasekar/Prashanth,Fucsovics/Marozsan,,,bcc33e49e9,,,,,41264165,43203762,,,,,,,,
1.223596724,Gille/Vliegen,Machac/Zhang,,,35b166e570,,,,,11399963,64929530,,,,,,,,
1.223596732,Mies/Smith,Kokkinakis/Popyrin,,,2f1b4f37c8,,,,,64408105,64929531,,,,,,,,
1.223596736,Barrientos/Matos,Bhambri/Haase,,,f806eaa276,,,,,64408098,64471968,,,,,,,,
1.22359674,Murray/Venus,Behar/Pavlasek,,,019f3b4791,,,,,44464296,55987911,,,,,,,,
1.223596744,Schoolkate/Walton,Cabral/Patten,,,a5d352e7ec,,,,,56800982,61462310,,,,,,,,
1.223596748,Hanfmann/Koepfer,Eubanks/Shelton,,,6337646552,,,,,39269027,47356043,,,,,,,,
1.223596764,Gonzalez/Skupski,Mcdonald/Van De Zandschulp,,,24fae427bf,,,,,27502804,64929634,,,,,,,,
1.223596806,Nys/Zielinski,McCabe/Sweeny,,,666fe3bf62,,,,,43291463,64929643,,,,,,,,
1.223596994,Maria/Rus,Kawa/Kostyuk,,,bcada2ef16,,,,,59869843,64928007,,,,,,,,
1.223597002,Babos/Bondar,Moratelli/Murray Sharan,,,ab6ec6b7e4,,,,,59869870,64738680,,,,,,,,
1.223597006,Garcia/Mladenovic,Mattek-Sands/Wang,,,4fc5f192dd,,,,,10704359,64928010,,,,,,,,
1.22359701,Birrell/Gadecki,Gracheva/Santamaria,,,2879f5df73,,,,,38514824,64928015,,,,,,,,
1.223597014,Melichar-Martinez/Perez,Wu/Zhu,,,bf1f0326cf,,,,,47177552,57027413,,,,,,,,
1.223597586,Hozumi/Ninomiya,Chang/Parks,,,e37d221bf9,,,,,9265289,59869842,,,,,,,,
1.223597594,Blinkova/Sasnovich,Andreeva/Tomova,,,acbb2b07e7,,,,,40573248,64928021,,,,,,,,
1.223597606,Kenin/Muhammad,Chan/Olmos,,,3be45b6dbe,,,,,25948606,58802253,,,,,,,,
1.223597618,Kato/Sutjiadi,Alexandrova/Kalinskaya,,,4aa7e7fb7d,,,,,45284057,60949262,,,,,,,,
1.223597622,Krawczyk/Shibahara,Khromacheva/Kolodziejova,,,b7c5225f07,,,,,64689382,64689419,,,,,,,,
1.22359763,Hunter/Siniakova,Osorio/Putintseva,,,8db50e468d,,,,,51395753,64928030,,,,,,,,
1.223597634,Eikeri/Harrison,Bogdan/Masarova,,,f3527f6654,,,,,35766604,64928031,,,,,,,,
1.223597638,Cirstea/Vekic,Schuurs/Stefani,,,ab91605d9e,,,,,13167037,64928033,,,,,,,,
1.223597646,Aoyama/Krunic,Marozava/Piter,,,4a0ed19df8,,,,,24590913,61491827,,,,,,,,
1.223597654,Noskova/Wang,Gibson/Hon,,,9d56cce6be,,,,,57698650,64928375,,,,,,,,
1.223598013,Keegan Smith,Ajeet Rai,,,ab98380f85,,,,,11928538,16655852,,,,,,,,
1.223604758,Pedro Sakamoto,Felix Gill,,,72af2da887,,,,,8304915,20832477,,,,,,,,
1.223605124,Emil Ruusuvuori,Daniil Medvedev,,,4cb0e6e65c,,,,,8979329,19924831,,,,,,,,
1.22360522,Taylor Fritz,Hugo Gaston,,,363ba618d7,,,,,10279360,10303696,,,,,,,,
1.223605316,Christopher O'Connell,Ben Shelton,,,4b1f840390,,,,,8942164,39460566,,,,,,,,
1.223605508,Quentin Halys,Sebastian Korda,,,63d366662a,,,,,7287690,10902223,,,,,,,,
1.223605572,Nadia Podoroska,Amanda Anisimova,,,5ca0c841fc,Amanda Anisimova,Amanda Anisimova,Nadia Podoroska,2024-01-15,9042349,11636088,,,,,,,,
1.223605696,Viktoriya Tomova,Elina Svitolina,,,439667f7c7,Elina Svitolina,Elina Svitolina,Viktoriya Tomova,2024-01-15,4597116,6324464,,,,,,,,
1.223605758,Dayana Yastremska,Varvara Gracheva,,,b169c7b8c7,Dayana Yastremska,Dayana Yastremska,Varvara Gracheva,2024-01-15,9634670,10942984,,,,,,,,
1.223606396,Adrian Mannarino,Jaume Munar,,,31b0d5149e,,,,,3066621,9350385,,,,,,,,
1.223606492,Lorenzo Musetti,Luca Van Assche,,,48519df6f1,,,,,13834991,27752969,,,,,,,,
1.223606556,Elise Mertens,Marta Kostyuk,,,af2d696dd5,Marta Kostyuk,Marta Kostyuk,Elise Mertens,2024-01-15,9002334,11694656,,,,,,,,
1.223606618,Linda Noskova,Mccartney Kessler,,,0f51e7b082,Linda Noskova,Linda Noskova,Mccartney Kessler,2024-01-15,22088831,63908231,,,,,,,,
1.223610885,Karen Khachanov,Aleksandar Kovacevic,,,8dd1e22f78,,,,,7659623,11439844,,,,,,,,
1.223611441,Christopher Eubanks,Andrey Rublev,,,2d2e55aba0,,,,,7445660,7797771,,,,,,,,
1.223611537,Zhizhen Zhang,Ugo Humbert,,,05b15e13ab,,,,,9628959,9633253,,,,,,,,
1.223611634,Gael Monfils,Tomas Martin Etcheverry,,,e381ce9241,,,,,2257300,9631399,,,,,,,,
1.22361173,Stefanos Tsitsipas,Jordan Thompson,,,20d7523528,,,,,9193006,19924841,,,,,,,,
1.223611826,Laura Siegemund,Storm Hunter,,,3a44321514,Storm Hunter,Storm Hunter,Laura Siegemund,2024-01-15,4829328,50836638,,,,,,,,
1.223611951,Lesia Tsurenko,Rebeka Masarova,,,4d5561ab40,Lesia Tsurenko,Lesia Tsurenko,Rebeka Masarova,2024-01-15,5300861,10372262,,,,,,,,
1.223613517,Viktorija Golubic,Katerina Siniakova,,,48f6f5c92a,Viktorija Golubic,Viktorija Golubic,Katerina Siniakova,2024-01-15,7283232,9627794,,,,,,,,
1.223613949,Ons Jabeur,Mirra Andreeva,,,7993bb4675,Mirra Andreeva,Mirra Andreeva,Ons Jabeur,2024-01-15,6161111,49006396,,,,,,,,
1.223614201,Paula Badosa,Anastasia Pavlyuchenkova,,,0f1f6d8488,Paula Badosa,Paula Badosa,Anastasia Pavlyuchenkova,2024-01-15,7412588,11057836,,,,,,,,
1.223614669,Alex De Minaur,Matteo Arnaldi,,,ab0e22e129,,,,,10706482,21067270,,,,,,,,
1.223614948,Hubert Hurkacz,Jakub Mensik,,,26a88f2839,,,,,19924838,39835947,,,,,,,,
1.22362077,Caroline Garcia,Magdalena Frech,,,5ab220c727,Magdalena Frech,Magdalena Frech,Caroline Garcia,2024-01-15,5248977,8444351,,,,,,,,
1.223620957,Renzo Olivo,Juan Pablo Ficovich,,,7e40c12d92,,,,,4822931,8908205,,,,,,,,
1.223620969,Alexander Weis,Oleksii Krutykh,,,f74f979120,,,,,9634691,19064021,,,,,,,,
1.223620977,Gianluca Mager,Nicolas Kicker,,,db3ab03a24,,,,,8284482,8326744,,,,,,,,
1.223620981,Gustavo Heide,Santiago Rodriguez Taverna,,,959c8af02a,,,,,21809000,46056201,,,,,,,,
1.223620993,L Neumayer,Dellien Velasco M A,,,d1f1370115,,,,,28168566,64979618,,,,,,,,
1.223623536,Jan-Lennard Struff,Miomir Kecmanovic,,,7aeb5cfb13,,,,,8259098,9657480,,,,,,,,
1.223625671,Hugo Grenier,Felix Auger-Aliassime,,,36da704ce4,,,,,8813394,12210252,,,,,,,,
1.223628212,Evan Zhu,Ryan Seggerman,,,815ebde9dd,,,,,10896515,11905639,,,,,,,,
1.2236355,Jules Marie,Giovanni Fonio,,,ffc3ee5cd4,,,,,7287701,9712890,,,,,,,,
1.223635774,Maxime Janvier,Samuel Vincent Ruggeri,,,ceafeaddde,,,,,8257852,25337482,,,,,,,,
1.223635831,Antoine Escoffier,Guy Den Ouden,,,5d3061dc01,,,,,9454286,36157022,,,,,,,,
1.223636309,Orlando Luz,Nikolas Sanchez Izquierdo,,,54c25eb5fe,,,,,9420501,25060922,,,,,,,,
1.223636317,Gonzalo Villanueva,Damien Wenger,,,f6646f947a,,,,,9042439,10221867,,,,,,,,
1.223636321,Alvaro Guillen Meza,Felix Gill,,,24722309d0,,,,,15745245,20832477,,,,,,,,
1.223636341,Diana Demidova,Fiona Ganz,,,e3e7af1b08,,,,,10166458,10350751,,,,,,,,
1.223636483,Beatriz Haddad Maia,Alina Korneeva,,,a89af09f7c,Beatriz Haddad Maia,Beatriz Haddad Maia,Alina Korneeva,2024-01-15,7083752,59478282,,,,,,,,
1.223637204,Daniel Cox,Michael Shaw,,,f281b835cb,,,,,5595356,10303620,,,,,,,,
1.223637246,Facundo Bagnis,Renzo Olivo,,,69dcb3d559,,,,,4520808,4822931,,,,,,,,
1.223637903,Camilla Zanolini,Lourdes Ayala,,,142aeee0a1,,,,,21256194,64997656,,,,,,,,
1.22363791,Tung-Lin Wu,Ryan Peniston,,,6732ce8894,,,,,8699708,9629249,,,,,,,,
1.223639405,Sloane Stephens,Daria Kasatkina,,,a7c661a777,Sloane Stephens,Sloane Stephens,Daria Kasatkina,2024-01-15,2923342,7795290,,,,,,,,
1.22363959,Giulio Zeppieri,Cameron Norrie,,,476e49f72f,,,,,12154088,42669524,,,,,,,,
1.223639597,Rebeca Pereira,Weronika Baszak,,,ae457f48d6,,,,,10346775,36781624,,,,,,,,
1.223639708,Jiri Lehecka,Alex Michelsen,,,3cafa46f6b,,,,,13203243,38374924,,,,,,,,
1.223639859,Tallon Griekspoor,Arthur Fils,,,719b3c9297,,,,,9198585,38374961,,,,,,,,
1.223640778,Danielle Collins,Iga Swiatek,,,0711c1fbba,Iga Swiatek,Iga Swiatek,Danielle Collins,2024-01-15,9626845,12085633,,,,,,,,
1.223641442,Casper Ruud,Max Purcell,,,fbc2139cdc,,,,,9629711,10460213,,,,,,,,
1.223641484,Daniel Cukierman,James Kent Trotter,,,85ac69a0c4,,,,,9361738,47651569,,,,,,,,
1.223641905,Oceane Dodin,Martina Trevisan,,,018b7f101c,Oceane Dodin,Oceane Dodin,Martina Trevisan,2024-01-15,7289631,9345630,,,,,,,,
1.223641967,Emma Navarro,Elisabetta Cocciaretto,,,2e8c8058d4,Emma Navarro,Emma Navarro,Elisabetta Cocciaretto,2024-01-15,10410355,18848114,,,,,,,,
1.223642031,Victoria Azarenka,Clara Tauson,,,ba5a6b55c9,Victoria Azarenka,Victoria Azarenka,Clara Tauson,2024-01-15,2263640,18848679,,,,,,,,
1.223643329,Nicolas Moreno de Alboran,Francesco Passaro,,,35563c4a22,,,,,10636263,13459272,,,,,,,,
1.223643426,Arthur Cazaux,Holger Rune,,,b23fe62a96,,,,,24918582,39127965,,,,,,,,
1.223643523,Tommy Paul,Jack Draper,,,b9f8da0508,,,,,8859306,15313804,,,,,,,,
1.223643601,Kichenok/Ostapenko,Bektas/Day,,,da8c7ba50d,,,,,20015061,64998510,,,,,,,,
1.223643672,Dabrowski/Routliffe,Fruhvirtova/Krueger,,,8b10bc33ae,,,,,59071231,64997903,,,,,,,,
1.223644704,Sumit Nagal,Juncheng Shang,,,f22342dfac,,,,,8173039,38901959,,,,,,,,
1.22364489,Arnaldi/Pellegrino,Balaji/Cornea,,,a4172e19ba,,,,,48571835,64408100,,,,,,,,
1.223647393,Michael Geerts,Pedro Martinez,,,2b0ddb2395,,,,,8874195,13181195,,,,,,,,
1.223649109,Grigor Dimitrov,Thanasi Kokkinakis,,,9a68c4eb40,,,,,3120169,8172416,,,,,,,,
1.223649173,Anna Blinkova,Elena Rybakina,,,ada90b5f06,Anna Blinkova,Anna Blinkova,Elena Rybakina,2024-01-15,9635244,10349398,,,,,,,,
1.22364926,Katie Boulter,Qinwen Zheng,,,092247d224,Qinwen Zheng,Qinwen Zheng,Katie Boulter,2024-01-15,8619018,18848380,,,,,,,,
1.223649563,Yafan Wang,Emma Raducanu,,,7b37f4c1a4,Yafan Wang,Yafan Wang,Emma Raducanu,2024-01-15,7695509,18849246,,,,,,,,
1.223655114,Katarina Kozarov,Vicky Van De Peer,,,3473d25b8a,,,,,11376524,13601127,,,,,,,,
1.223655852,Lorenzo Sonego,Carlos Alcaraz,,,ffcc8752fe,,,,,8826925,25215583,,,,,,,,
1.223655948,Lukas Klein,Alexander Zverev,,,20cf9ca54f,,,,,9635456,19924823,,,,,,,,
1.223656193,Jessica Pegula,Clara Burel,,,a9fe5db80b,Clara Burel,Clara Burel,Jessica Pegula,2024-01-15,6215852,10351066,,,,,,,,
1.223656542,Jelena Ostapenko,Ajla Tomljanovic,,,f2dd37ec46,Jelena Ostapenko,Jelena Ostapenko,Ajla Tomljanovic,2024-01-15,8827537,63264473,,,,,,,,
1.223671156,Brandon Nakashima,Alejandro Moro Canas,,,16dc78910c,,,,,17806048,20955021,,,,,,,,
1.223671177,Omni Kumar,Nishesh Basavareddy,,,442a8ab43c,,,,,21256229,38183217,,,,,,,,
1.223671186,Marco Trungelliti,Ryan Seggerman,,,7308fc29a1,,,,,6498878,11905639,,,,,,,,
1.223672956,Mahut/Roger-Vasselin,Bolelli/Vavassori,,,d5967012c9,,,,,8524069,38394420,,,,,,,,
1.223672975,Jozef Kovalik,Dmitry Popko,,,1584a171ce,,,,,7287668,8284522,,,,,,,,
1.223673297,Duje Ajdukovic,Thanapet Chanta,,,eaf01108ef,,,,,12819814,15842663,,,,,,,,
1.223675815,Otto Virtanen,Francesco Maestrelli,,,ae7f0d17f4,,,,,11694730,21652017,,,,,,,,
1.22367604,Anastasiya Soboleva,Celine Simunyu,,,383b4b136b,,,,,26122648,36038824,,,,,,,,
1.223676512,Hina Inoue,Carolina Kuhl,,,160e79c19f,,,,,18849142,63297032,,,,,,,,
1.223678608,Gauthier Onclin,Matteo Gigante,,,3484eabc57,,,,,11878711,26309954,,,,,,,,
1.22367888,Tristan Boyer,Liam Draxl,,,01d0585856,,,,,15134228,19446873,,,,,,,,
1.223681352,Hanna Chang,Kayla Cross,,,7e36309883,,,,,9580452,40480512,,,,,,,,
1.223682059,Alycia Parks,Coco Gauff,,,ca909c8817,Coco Gauff,Coco Gauff,Alycia Parks,2024-01-15,11233227,27552403,,,,,,,,
1.223682121,Diane Parry,Andreeva,,,58159c4ad4,Mirra Andreeva,Mirra Andreeva,Diane Parry,2024-01-15,12737413,27187696,,,,,,,,
1.223682183,Barbora Krejcikova,Storm Hunter,,,be3c69ac1a,Barbora Krejcikova,Barbora Krejcikova,Storm Hunter,2024-01-15,8784972,50836638,,,,,,,,
1.223682344,Benjamin Lock,Mitchell Krueger,,,bbe23ef7e9,,,,,8491683,19924836,,,,,,,,
1.223682348,Giovanni Oradini,Learner Tien,,,a1477f986e,,,,,9634158,42082091,,,,,,,,
1.223682352,Thai-Son Kwiatkowski,Tim Handel,,,bfb9f2e7e9,,,,,8258569,25449720,,,,,,,,
1.223682356,Stefan Kozlov,Paul Jubb,,,98b50bad0d,,,,,7415002,12085604,,,,,,,,
1.22368236,Mikhail Kukushkin,Geoffrey Blancaneaux,,,0488967ee6,,,,,2609424,9196749,,,,,,,,
1.223682806,Beatriz Haddad Maia,Maria Timofeeva,,,298a137754,Maria Timofeeva,Maria Timofeeva,Beatriz Haddad Maia,2024-01-15,7083752,20136628,,,,,,,,
1.22368557,Taylor Fritz,Fabian Marozsan,,,aced09daa3,,,,,10279360,11942150,,,,,,,,
1.223703268,Edoardo Lavagno,Alexander Weis,,,2ffba90234,,,,,9632250,9634691,,,,,,,,
1.223703272,Andrea Collarini,Nikolas Sanchez Izquierdo,,,606203be48,,,,,8284716,25060922,,,,,,,,
1.223704567,Adrian Mannarino,Ben Shelton,,,28c31e8cf7,,,,,3066621,39460566,,,,,,,,
1.223704978,Karen Khachanov,Tomas Machac,,,945e557773,,,,,7659623,16149495,,,,,,,,
1.223705074,Andrey Rublev,Sebastian Korda,,,0e16de84eb,,,,,7797771,10902223,,,,,,,,
1.223705576,Paula Badosa,Amanda Anisimova,,,d968594f0f,Amanda Anisimova,Amanda Anisimova,Paula Badosa,2024-01-15,7412588,11636088,,,,,,,,
1.223705672,Marta Kostyuk,Elina Avanesyan,,,7f6112b7e3,Marta Kostyuk,Marta Kostyuk,Elina Avanesyan,2024-01-15,11694656,14383103,,,,,,,,
1.223705768,Magdalena Frech,Anastasia Zakharova,,,bf15420b8e,Magdalena Frech,Magdalena Frech,Anastasia Zakharova,2024-01-15,8444351,13320579,,,,,,,,
1.223706048,Lesia Tsurenko,Aryna Sabalenka,,,5f399aa24f,Aryna Sabalenka,Aryna Sabalenka,Lesia Tsurenko,2024-01-15,5300861,64563186,,,,,,,,
1.223706131,Ram/Salisbury,Altmaier/Reyes Varela,,,a3756c2dc4,,,,,22229228,64929517,,,,,,,,
1.223706168,Hunter/Siniakova,Aiava/Inglis,,,9e73c913bc,,,,,51395753,64928029,,,,,,,,
1.223706176,Kichenok/Ostapenko,Birrell/Gadecki,,,50bf25864f,,,,,20015061,38514824,,,,,,,,
1.223706204,Fabio Fognini,Denis Yevseyev,,,27093f0d83,,,,,2319544,8304957,,,,,,,,
1.22370841,Jason Jung,Ryan Peniston,,,12faf13839,,,,,7048850,9629249,,,,,,,,
1.223708414,Daniel Cukierman,Brandon Holt,,,bf04b08cbf,,,,,9361738,10410230,,,,,,,,
1.223708418,Mitchell Krueger,Learner Tien,,,b220b53418,,,,,19924836,42082091,,,,,,,,
1.223711625,Iga Swiatek,Linda Noskova,,,21017d0ec0,Linda Noskova,Linda Noskova,Iga Swiatek,2024-01-15,12085633,22088831,,,,,,,,
1.223711695,Pedro Martinez,Pablo Llamas Ruiz,,,b210c2beb4,,,,,13181195,17980033,,,,,,,,
1.223716879,Alexander Zverev,Alex Michelsen,,,7a9540ef6f,,,,,19924823,38374924,,,,,,,,
1.223716976,Casper Ruud,Cameron Norrie,,,3fd3b9be29,,,,,9629711,42669524,,,,,,,,
1.223717072,Tommy Paul,Miomir Kecmanovic,,,3548decbb0,,,,,8859306,9657480,,,,,,,,
1.223717101,Goransson/Olivetti,Glasspool/Rojer,,,273ee085df,,,,,64408333,64471970,,,,,,,,
1.223717105,Koolhof/Mektic,Heliovaara/Peers,,,3ab258e0ea,,,,,27502188,64471969,,,,,,,,
1.223717201,Oceane Dodin,Clara Burel,,,544e2bbb64,Oceane Dodin,Oceane Dodin,Clara Burel,2024-01-15,7289631,10351066,,,,,,,,
1.223717265,Sloane Stephens,Anna Kalinskaya,,,dddc5100a4,Anna Kalinskaya,Anna Kalinskaya,Sloane Stephens,2024-01-15,2923342,8907174,,,,,,,,
1.223717273,Chan/Olmos,Navarro/Shnaider,,,a103c15c23,,,,,58802253,64928024,,,,,,,,
1.223717277,Krawczyk/Shibahara,Bogdan/Masarova,,,5fa4866aca,,,,,64689382,64928031,,,,,,,,
1.223717281,Dolehide/Stearns,Schuurs/Stefani,,,06d636907c,,,,,64408840,64928033,,,,,,,,
1.223717285,Hsieh/Mertens,Saville/Tomljanovic,,,d5dc270eb3,,,,,39345701,64928040,,,,,,,,
1.223717545,Carlos Alcaraz,Juncheng Shang,,,7194bf5dd5,,,,,25215583,38901959,,,,,,,,
1.223718324,Elina Svitolina,Viktorija Golubic,,,c891a3869e,Elina Svitolina,Elina Svitolina,Viktorija Golubic,2024-01-15,6324464,7283232,,,,,,,,
1.223718956,Dayana Yastremska,Emma Navarro,,,d4b116140f,Dayana Yastremska,Dayana Yastremska,Emma Navarro,2024-01-15,9634670,10410355,,,,,,,,
1.223719018,Yafan Wang,Qinwen Zheng,,,fcbc73b9cd,Qinwen Zheng,Qinwen Zheng,Yafan Wang,2024-01-15,7695509,18848380,,,,,,,,
1.223723555,Tallon Griekspoor,Arthur Cazaux,,,f256791434,,,,,9198585,24918582,,,,,,,,
1.223723678,Grigor Dimitrov,Nuno Borges,,,4299eb6ec2,,,,,3120169,9633043,,,,,,,,
1.223723745,Jasmine Paolini,Anna Blinkova,,,6dfc6c9c95,Jasmine Paolini,Jasmine Paolini,Anna Blinkova,2024-01-15,8944356,9635244,,,,,,,,
1.223725541,Wang/Yuan,Krejcikova/Siegemund,,,c2c79b4bd0,,,,,47168907,64689930,,,,,,,,
1.223725724,Ugo Humbert,Hubert Hurkacz,,,4db78262f4,,,,,9633253,19924838,,,,,,,,
1.223727165,Victoria Azarenka,Jelena Ostapenko,,,0a5d1d55c2,Victoria Azarenka,Victoria Azarenka,Jelena Ostapenko,2024-01-15,2263640,8827537,,,,,,,,
1.223735974,Felix Auger-Aliassime,Daniil Medvedev,,,4d137603dd,,,,,12210252,19924831,,,,,,,,
1.223736488,Shiho Akita,Ela Nala Milic,,,570bfea456,,,,,9165932,40400844,,,,,,,,
1.223739199,Duje Ajdukovic,Matteo Gigante,,,3384f79ce5,,,,,12819814,26309954,,,,,,,,
1.223739639,Matsui/Uesugi,Johnson/Mansouri,,,a7700bc1ab,,,,,22338050,47547688,,,,,,,,
1.223739643,Marco Trungelliti,Thai-Son Kwiatkowski,,,45d264161b,,,,,6498878,8258569,,,,,,,,
1.223739647,Edoardo Lavagno,Santiago Rodriguez Taverna,,,3e832cf850,,,,,9632250,46056201,,,,,,,,
1.223739651,Facundo Bagnis,Liam Draxl,,,332e4955ec,,,,,4520808,19446873,,,,,,,,
1.223739655,Dmitry Popko,Andrea Collarini,,,d1b9009857,,,,,8284522,8284716,,,,,,,,
1.223740108,Ana Sofia Sanchez,Sara Cakarevic,,,19220c8170,,,,,7082838,10116457,,,,,,,,
1.223740111,Ashton Bowers,Sarah Iliev,,,cc51739a54,,,,,40931812,56153130,,,,,,,,
1.223741738,Paul Jubb,Omni Kumar,,,1c0173302e,,,,,12085604,21256229,,,,,,,,
1.223741762,Denis Yevseyev,Samuel Vincent Ruggeri,,,7f84b8bd83,,,,,8304957,25337482,,,,,,,,
1.223742125,Mikhail Kukushkin,Javier Barranco Cosano,,,96e5554ad5,,,,,2609424,10082231,,,,,,,,
1.223742129,Behar/Pavlasek,Barrientos/Matos,,,6916b9c801,,,,,55987911,64408098,,,,,,,,
1.223742134,Errani/Paolini,Aoyama/Krunic,,,c4b24abea8,,,,,23889603,24590913,,,,,,,,
1.223742139,Balaji/Cornea,Arevalo/Pavic,,,2b3413375d,,,,,64408100,64409292,,,,,,,,
1.223742144,Hanfmann/Koepfer,Hijikata/Kubler,,,e08a090787,,,,,39269027,51718194,,,,,,,,
1.223742352,Purcell/Thompson,Nys/Zielinski,,,1054437011,,,,,38366904,43291463,,,,,,,,
1.223742525,Amanda Anisimova,Aryna Sabalenka,,,fa8f49091f,Aryna Sabalenka,Aryna Sabalenka,Amanda Anisimova,2024-01-15,11636088,64563186,,,,,,,,
1.223742613,Hozumi/Ninomiya,Guo/Jiang,,,c95964e46f,,,,,9265289,60662082,,,,,,,,
1.223743971,Krawczyk/Shibahara,Schuurs/Stefani,,,adb442d2ae,,,,,64689382,64928033,,,,,,,,
1.223744526,Stefanos Tsitsipas,Taylor Fritz,,,5506c5e526,,,,,9193006,10279360,,,,,,,,
1.223744839,Garcia/Mladenovic,Babos/Bondar,,,50af11710b,,,,,10704359,59869870,,,,,,,,
1.223745879,Magdalena Frech,Coco Gauff,,,e868c829a3,Coco Gauff,Coco Gauff,Magdalena Frech,2024-01-15,8444351,27552403,,,,,,,,
1.223747563,Cacic/Molchanov,Bolelli/Vavassori,,,b54f20126d,,,,,27502318,38394420,,,,,,,,
1.223747567,Granollers/Zeballos,Mies/Smith,,,2ff5b81336,,,,,25327214,64408105,,,,,,,,
1.223747789,Kichenok/Ostapenko,Wu/Zhu,,,6841b22931,,,,,20015061,57027413,,,,,,,,
1.223751933,Marta Kostyuk,Maria Timofeeva,,,78b87229a7,Marta Kostyuk,Marta Kostyuk,Maria Timofeeva,2024-01-15,11694656,20136628,,,,,,,,
1.223751937,Koolhof/Mektic,Bopanna/Ebden,,,e75b586b22,,,,,27502188,51596955,,,,,,,,
1.223757659,Andrey Rublev,Alex De Minaur,,,1cf35b411b,,,,,7797771,10109527,,,,,,,,
1.22376063,Barbora Krejcikova,Mirra Andreeva,,,905a28cfc0,Barbora Krejcikova,Barbora Krejcikova,Mirra Andreeva,2024-01-15,8784972,49006396,,,,,,,,
1.22376306,King / Reese,Kwiatkowski / Lawson,,,6df0dc658f,,,,,18237579,41751096,,,,,,,,
1.223769895,Edoardo Lavagno,Mariano Navone,,,87454e4c7a,,,,,9632250,21809027,,,,,,,,
1.223781559,Dabrowski/Routliffe,Guo/Jiang,,,a2a1ee0d0f,,,,,59071231,60662082,,,,,,,,
1.223783838,Oceane Dodin,Qinwen Zheng,,,2ec340a6d6,Qinwen Zheng,Qinwen Zheng,Oceane Dodin,2024-01-15,7289631,18848380,,,,,,,,
1.223784167,Gonzalez/Molteni,Lammons/Withrow,,,1cc0d0ee98,,,,,8462579,23892906,,,,,,,,
1.223784172,Garcia/Mladenovic,Korpatsch/Lechemia,,,d384a6a7b7,,,,,10704359,65053454,,,,,,,,
1.223784235,Anna Kalinskaya,Jasmine Paolini,,,03003a3dda,Anna Kalinskaya,Anna Kalinskaya,Jasmine Paolini,2024-01-15,8907174,8944356,,,,,,,,
1.223784249,Nys/Zielinski,Glasspool/Rojer,,,16a50abc8a,,,,,43291463,64471970,,,,,,,,
1.223784419,Gonzalez/Skupski,Behar/Pavlasek,,,5b5483c5da,,,,,27502804,55987911,,,,,,,,
1.223784514,Miomir Kecmanovic,Carlos Alcaraz,,,0b2fe07c04,,,,,9657480,25215583,,,,,,,,
1.22378452,Facundo Bagnis,Dmitry Popko,,,7e5314b990,,,,,4520808,8284522,,,,,,,,
1.223784976,Hubert Hurkacz,Arthur Cazaux,,,0b5425abb0,,,,,19924838,24918582,,,,,,,,
1.223785526,Paul Jubb,Mitchell Krueger,,,2cc3bb8af3,,,,,12085604,19924836,,,,,,,,
1.22378553,Javier Barranco Cosano,Pedro Martinez,,,00de2506e0,,,,,10082231,13181195,,,,,,,,
1.223791343,Kwiatkowski / Lawson,Seggerman / Trhac,,,778b322148,,,,,41751096,61073284,,,,,,,,
1.223791409,Victoria Azarenka,Dayana Yastremska,,,ad99ff8807,Dayana Yastremska,Dayana Yastremska,Victoria Azarenka,2024-01-15,2263640,9634670,,,,,,,,
1.223795216,Bucsa/Panova,Haddad Maia/Townsend,,,5dcce12282,,,,,59637450,64689948,,,,,,,,
1.22379522,Krejcikova/Siegemund,Navarro/Shnaider,,,f7215b6656,,,,,64689930,64928024,,,,,,,,
1.223795224,Hunter/Siniakova,Alexandrova/Kalinskaya,,,b53e8ff0ac,,,,,51395753,60949262,,,,,,,,
1.22379534,Thai-Son Kwiatkowski,Brandon Holt,,,2cd379fa2c,,,,,8258569,10410230,,,,,,,,
1.223796469,Errani/Paolini,Hsieh/Mertens,,,05a3fcf507,,,,,23889603,39345701,,,,,,,,
1.223802643,Elina Svitolina,Linda Noskova,,,327d24556c,Linda Noskova,Linda Noskova,Elina Svitolina,2024-01-15,6324464,22088831,,,,,,,,
1.223802827,Nuno Borges,Daniil Medvedev,,,cf693fc9be,,,,,9633043,19924831,,,,,,,,
1.22380489,Alexander Zverev,Cameron Norrie,,,3c452f44a0,,,,,19924823,42669524,,,,,,,,
1.223821785,Pedro Martinez,Brandon Nakashima,,,7d65120543,,,,,13181195,17806048,,,,,,,,
1.223821789,Granollers/Zeballos,Hanfmann/Koepfer,,,07932b6049,,,,,25327214,39269027,,,,,,,,
1.223836312,Marta Kostyuk,Coco Gauff,,,11e1b45d2b,Coco Gauff,Coco Gauff,Marta Kostyuk,2024-01-15,11694656,27552403,,,,,,,,
1.223836911,Robin Anderson,Teresa Franco Dias,,,0be212cf85,,,,,8947134,13181173,,,,,,,,
1.223838669,Novak Djokovic,Taylor Fritz,,,9a12bdb918,,,,,2249229,10279360,,,,,,,,
1.223839211,Orlando Luz,Alexander Weis,,,f73474d3ca,,,,,9420501,9634691,,,,,,,,
1.223839227,Carlos Sanchez Jover,Gonzalo Bueno,,,7b4863f153,,,,,11510034,21067278,,,,,,,,
1.223839251,M A Dellien Velasco,Gilbert Soares,,,fbf8b87df5,,,,,65177945,65177946,,,,,,,,
1.22383939,Barbora Krejcikova,Aryna Sabalenka,,,126bb6c8db,Aryna Sabalenka,Aryna Sabalenka,Barbora Krejcikova,2024-01-15,8784972,64563186,,,,,,,,
1.22383997,Bor Artnak,Patrick Brady,,,c59fff1389,,,,,40249820,43172315,,,,,,,,
1.223840071,Edan Leshem,Bruno Kuzuhara,,,ee080580f5,,,,,9304278,38183232,,,,,,,,
1.223840083,Ajeet Rai,Ozan Baris,,,0cef60f312,,,,,16655852,47651527,,,,,,,,
1.223840091,Thomas Fancutt,Colin Markes,,,30cc4abba0,,,,,9630951,11439905,,,,,,,,
1.223840099,Isaiah Strode,Ezekiel Clark,,,2f9ba2ce9a,,,,,9633905,14833284,,,,,,,,
1.22384925,Hunter/Ebden,Fourlis/Harris,,,14e846ee55,,,,,64494980,65088857,,,,,,,,
1.22385018,Andrey Rublev,Jannik Sinner,,,e68f7d4f20,,,,,7797771,10372253,,,,,,,,
1.223866587,Oleksandra Oliynykova,Silvia Ambrosio,,,858eda3181,,,,,12899960,24623193,,,,,,,,
1.223867855,Andrea Collarini,Gustavo Heide,,,6b70db6a1a,,,,,8284716,21809000,,,,,,,,
1.223874112,Pierre-Hugues Herbert,Michael Mmoh,,,8dca62e288,,,,,8266399,8798905,,,,,,,,
1.223874249,Arjun Kadhe,Mikalai Haliak,,,b217347bcd,,,,,8924620,9633282,,,,,,,,
1.223874273,Evan Furness,William Jucha,,,6e81601879,,,,,8890205,46659647,,,,,,,,
1.223874277,Lorenzo Giustino,Emilien Voisin,,,cdd2800ea3,,,,,7534093,19063920,,,,,,,,
1.223874293,Maxime Janvier,Alexandre Aubriot,,,656ac4a86c,,,,,8257852,19931620,,,,,,,,
1.223874305,Moez Echargui,Cyril Vandermeersch,,,a2cee5024d,,,,,10033628,12737315,,,,,,,,
1.223874317,Nicolas Kicker,Luciano Darderi,,,4ca7cb47f8,,,,,8326744,26309941,,,,,,,,
1.223874325,Thiago Agustin Tirante,Franco Roncadelli,,,d214f84b76,,,,,11233238,15865858,,,,,,,,
1.223874329,Orlando Luz,Nikolas Sanchez Izquierdo,,,6a8dfda6f6,,,,,9420501,25060922,,,,,,,,
1.223874333,Federico Agustin Gomez,Alvaro Guillen Meza,,,148e4ca80f,,,,,9632665,15745245,,,,,,,,
1.223874341,Dellien Velasco M A,Carlos Sanchez,,,4475e77f85,,,,,64979618,65204537,,,,,,,,
1.223874345,Brandon Holt,Ryan Seggerman,,,e601dc9d91,,,,,10410230,11905639,,,,,,,,
1.223874349,Tennys Sandgren,Trevor Svajda,,,18934d8a7c,,,,,6604266,45923382,,,,,,,,
1.223874363,Vasek Pospisil,Sebastian Fanselow,,,e6420914c4,,,,,4903598,9623671,,,,,,,,
1.223874367,Giovanni Oradini,Learner Tien,,,eb2b4bbe7c,,,,,9634158,42082091,,,,,,,,
1.223874371,Benjamin Lock,Yshai Oliel,,,ae0d08759b,,,,,8491683,9635518,,,,,,,,
1.223874816,Steven Diez,Michael Geerts,,,14c5ad6703,,,,,4903593,8874195,,,,,,,,
1.22387482,Cem Ilkel,Nikoloz Basilashvili,,,0c6983c998,,,,,8444055,42652250,,,,,,,,
1.223874828,Altug Celikbilek,Alejandro Moro Canas,,,6022e1f984,,,,,8842202,20955021,,,,,,,,
1.223874832,David Jorda Sanchis,Alibek Kachmazov,,,bc92a9ef49,,,,,10902137,20357631,,,,,,,,
1.223874836,Denis Yevseyev,Jack Loge,,,6b3653a563,,,,,8304957,48445972,,,,,,,,
1.22387484,Charles Broom,Maks Kasnikowski,,,ce0941263d,,,,,10109487,35635702,,,,,,,,
1.223874844,Marvin Moeller,Guy Den Ouden,,,327d758e4c,,,,,11422706,36157022,,,,,,,,
1.223874848,Henri Squire,Tibo Colson,,,050725a22f,,,,,10460261,27405701,,,,,,,,
1.223874856,Facundo Bagnis,Lukas Neumayer,,,d154cd4ab9,,,,,4520808,35635716,,,,,,,,
1.22387508,Strong Kirchheimer,Evan Zhu,,,3f34dc36be,,,,,7588306,10896515,,,,,,,,
1.223875354,Marco Trungelliti,Lucas Gerch,,,2e6b215e03,,,,,6498878,9628967,,,,,,,,
1.223875424,Mona Barthel,Nastasja Schunk,,,9fd7289690,,,,,5056975,24143414,,,,,,,,
1.223876998,Dayana Yastremska,Linda Noskova,,,05a4bdd99d,Dayana Yastremska,Dayana Yastremska,Linda Noskova,2024-01-15,9634670,22088831,,,,,,,,
1.223878842,Keegan Smith,Maxwell Mckennon,,,8244706b83,,,,,11928538,21067283,,,,,,,,
1.223878846,Elijah Strode,Ozan Baris,,,63c07316aa,,,,,41684629,47651527,,,,,,,,
1.22387885,Stefan Kozlov,Bruno Kuzuhara,,,47b97cf3f6,,,,,7415002,38183232,,,,,,,,
1.223878854,Thomas Fancutt,Matias Soto,,,fd831d4ac8,,,,,9630951,12271448,,,,,,,,
1.223878862,Joris De Loore,Zsombor Piros,,,7ee488bef7,,,,,8622401,10410254,,,,,,,,
1.223878866,Alexander Ritschard,Raul Brancaccio,,,005ebc0618,,,,,7444812,10109524,,,,,,,,
1.223878878,Pedro Sakamoto,Felix Gill,,,1a26bf6c08,,,,,8304915,20832477,,,,,,,,
1.22387889,Renzo Olivo,Gerard Campana Lee,,,062fffcc17,,,,,4822931,43997367,,,,,,,,
1.223878894,Lucas Pouille,Vit Kopriva,,,aea1367bc2,,,,,7031400,9543224,,,,,,,,
1.223878906,Manuel Guinard,Kyrian Jacquet,,,15ac5c5af9,,,,,8427047,17980099,,,,,,,,
1.22387891,Harold Mayot,Filip Misolic,,,ea81800486,,,,,17806086,25989805,,,,,,,,
1.223878914,Geoffrey Blancaneaux,Maxime Cressy,,,a75004b975,,,,,9196749,11510005,,,,,,,,
1.223879051,Hunter/Siniakova,Krejcikova/Siegemund,,,24cbec5d7f,,,,,51395753,64689930,,,,,,,,
1.223879055,Hsieh/Mertens,Schuurs/Stefani,,,0502b014fb,,,,,39345701,64928033,,,,,,,,
1.223880237,Daniil Medvedev,Hubert Hurkacz,,,b0c446015e,,,,,19924831,19924838,,,,,,,,
1.223886229,Durasovic/Virtanen,Kadhe/Nedunchezhi,,,a7c37af370,,,,,47776458,65211584,,,,,,,,
1.223886634,Garcia/Mladenovic,Kichenok/Ostapenko,,,d6b1da0e08,,,,,10704359,20015061,,,,,,,,
1.223886656,Daniela Seguel,Berta Bonardi,,,5a65219931,,,,,8476179,9627630,,,,,,,,
1.223887159,Alexander Zverev,Carlos Alcaraz,,,d8bb585b84,,,,,19924823,25215583,,,,,,,,
1.223887347,Whitney Osuigwe,Kayla Cross,,,8d7ca207b3,,,,,11313166,40480512,,,,,,,,
1.223887348,Adriana Reami,Tiphanie Lemaitre,,,a256d9b2f2,,,,,19446969,61464615,,,,,,,,
1.223887369,Gonzalez/Molteni,Bopanna/Ebden,,,81cb9d2121,,,,,8462579,51596955,,,,,,,,
1.223896014,"Anna Kalinskaya
","Qinwen Zheng
",,,624a0038e8,Qinwen Zheng,Qinwen Zheng,Anna Kalinskaya,2024-01-15,9634088,13363003,,,,,,,,
1.223901343,Adrian Andreev,Guy Den Ouden,,,1bb5c5d3f9,,,,,10460263,36157022,,,,,,,,
1.223901347,Henri Squire,Leandro Riedi,,,c96cea5207,,,,,10460261,28081306,,,,,,,,
1.223901351,Mikhail Kukushkin,Maks Kasnikowski,,,79ec0449f4,,,,,2609424,35635702,,,,,,,,
1.223901412,Rudolf Molleker,Raphael Collignon,,,753b233bdd,,,,,10508984,36157024,,,,,,,,
1.223901533,Marc-Andrea Huesler,Jurij Rodionov,,,1bbbbbaef8,,,,,9631939,10555106,,,,,,,,
1.223901548,Borna Coric,Felipe Meligeni Alves,,,f3bceb8f6e,,,,,7446579,42830226,,,,,,,,
1.223901552,Jan Choinski,Antoine Escoffier,,,4804423459,,,,,8679715,9454286,,,,,,,,
1.223901574,Marius Copil,Altug Celikbilek,,,cc40402ded,,,,,4195870,8842202,,,,,,,,
1.223904983,Marco Cecchinato,Cristian Garin,,,0dc6d36ee4,,,,,6374165,23814703,,,,,,,,
1.223904987,Alessandro Giannessi,Juan Manuel Cerundolo,,,43739301ce,,,,,5829494,12686963,,,,,,,,
1.223904999,Elias Ymer,Gabriel Diallo,,,51211223a7,,,,,7414305,24966308,,,,,,,,
1.223905418,Camilo Ugo Carabelli,Mariano Navone,,,f597715192,,,,,9635538,21809027,,,,,,,,
1.223909699,Clark/Debru,Handel/Whiting,,,599d1784f6,,,,,62249436,65230037,,,,,,,,
1.223911147,Felix Gill,M A Dellien Velasco,,,4c5d9e516b,,,,,20832477,65177945,,,,,,,,
1.223914064,Sabanov/Sabanov,Beaupain/Loge,,,c6debaaa56,,,,,10107989,65230649,,,,,,,,
1.223914146,Kichenok/Ostapenko,Dabrowski/Routliffe,,,6e76efff4f,,,,,20015061,59071231,,,,,,,,
1.223914156,Matuszewski/Walkow,Paris/Tsitsipas,,,9936581598,,,,,65230682,65230683,,,,,,,,
1.223914759,Maria Victoria Marchesini,Michela Castro Zunino,,,f9d44b86da,,,,,63168803,65205642,,,,,,,,
1.223915086,Michael Geerts,Alibek Kachmazov,,,1dfc9914ff,,,,,8874195,20357631,,,,,,,,
1.223915285,Arjun Kadhe,Moez Echargui,,,1392fbf3ba,,,,,8924620,10033628,,,,,,,,
1.223915289,Lucas Poullain,Samuel Vincent Ruggeri,,,ead5970e45,,,,,8284524,25337482,,,,,,,,
1.223918033,Coco Gauff,Aryna Sabalenka,,,9a3d62a2c5,Aryna Sabalenka,Aryna Sabalenka,Coco Gauff,2024-01-15,27552403,64563186,,,,,,,,
1.223918981,Dalila Jakupovic,Naiktha Bains,,,45fa9e4d12,,,,,5690805,8183101,,,,,,,,
1.223922799,Novak Djokovic,Jannik Sinner,,,ffd359cf4a,,,,,2249229,10372253,,,,,,,,
1.223924938,Calvin Hemery,Duje Ajdukovic,,,5cbd1b01cb,,,,,7287667,12819814,,,,,,,,
1.22393245,Adil Kalyanpur,Abhinav Sanjeev Shanmugam,,,0007da72cd,,,,,10827717,21688049,,,,,,,,
1.223932451,Adam Heinonen,Edison Ambarzumjan,,,adfdaf8f46,,,,,19063974,40820478,,,,,,,,
1.223934363,Daria Lodikova,Justina Gonzalez Daniele,,,832ffd9914,,,,,9627974,63168802,,,,,,,,
1.223935012,Mathias Bourgue,Gijs Brouwer,,,68af5966d8,,,,,7066925,9629296,,,,,,,,
1.223935016,Aziz Dougaz,Samuel Vincent Ruggeri,,,9be288178c,,,,,9632269,25337482,,,,,,,,
1.22393524,Emilien Voisin,Ricardas Berankis,,,0735a99e22,,,,,19063920,19924827,,,,,,,,
1.223935244,Tristan Lamasine,Moez Echargui,,,3ff926cb2b,,,,,8428332,10033628,,,,,,,,
1.223936166,Benjamin Bonzi,Adrian Andreev,,,53dd358e23,,,,,9632014,10460263,,,,,,,,
1.22393617,Benoit Paire,Leandro Riedi,,,5a40693d03,,,,,3911345,28081306,,,,,,,,
1.223936183,Denis Yevseyev,Gauthier Onclin,,,96de3b7c03,,,,,8304957,11878711,,,,,,,,
1.223946569,Bopanna/Ebden,Machac/Zhang,,,0da89e2967,,,,,51596955,64929530,,,,,,,,
1.223947091,Bolelli/Vavassori,Hanfmann/Koepfer,,,76aee12689,,,,,38394420,39269027,,,,,,,,
1.223947172,Camilo Ugo Carabelli,Murkel Dellien Velasco,,,9fbe077ed4,,,,,9635538,64778608,,,,,,,,
1.223947176,Marco Cecchinato,Santiago Rodriguez Taverna,,,f2436c87ab,,,,,6374165,46056201,,,,,,,,
1.223947196,Ana Sofia Sanchez,Nicole Fossa Huergo,,,4c546b1273,,,,,7082838,9628070,,,,,,,,
1.223947203,Julieta Estable,Julia Konishi Camargo Silva,,,eaa7518d5c,,,,,9629946,63375246,,,,,,,,
1.223947204,Carolina Alves,Jessica Bertoldo,,,4437fac1ea,,,,,9003509,10897170,,,,,,,,
1.223947206,Leopold Zima,John Echeverria,,,08ee0ff38e,,,,,11772999,19446888,,,,,,,,
1.223947255,Allie Kiick,Maria Kozyreva,,,b1e9c34152,,,,,7137472,10578525,,,,,,,,
1.223947299,Bor Artnak,James Kent Trotter,,,be51876043,,,,,40249820,47651569,,,,,,,,
1.223947307,Matias Soto,Tim Handel,,,c7e70825d3,,,,,12271448,25449720,,,,,,,,
1.223947311,Federico Gaio,Andre Ilagan,,,89cb38fcd9,,,,,8284479,12413900,,,,,,,,
1.223947315,Matija Pecotic,Bruno Kuzuhara,,,f46b28ecac,,,,,8713732,38183232,,,,,,,,
1.223947325,Otto Virtanen,Kyrian Jacquet,,,e3268910dc,,,,,11694730,17980099,,,,,,,,
1.223949898,Dominik Palan,Sasikumar Mukund,,,9b54ded88e,,,,,19931598,25215658,,,,,,,,
1.22395035,Alice Robbe,Carson Branstine,,,342d29d597,,,,,10349163,10349601,,,,,,,,
1.223951735,Harold Mayot,Gabriel Diallo,,,25605e35ef,,,,,17806086,24966308,,,,,,,,
1.223952563,Hsieh/Mertens,Hunter/Siniakova,,,a513563845,,,,,39345701,51395753,,,,,,,,
1.223952568,Skupski/Krawczyk,Hsieh/Zielinski,,,30cb16b08a,,,,,40067008,65093688,,,,,,,,
1.223953369,Juan Manuel Cerundolo,Nikolas Sanchez Izquierdo,,,1ad82d1d46,,,,,12686963,25060922,,,,,,,,
1.223954865,Sebastian Fanselow,Trevor Svajda,,,6650dc7cf8,,,,,9623671,45923382,,,,,,,,
1.22395487,Yshai Oliel,Blaise Bicknell,,,d217178a6a,,,,,9635518,25081703,,,,,,,,
1.223957434,Dayana Yastremska,Qinwen Zheng,,,57377640b0,Qinwen Zheng,Qinwen Zheng,Dayana Yastremska,2024-01-15,9634670,18848380,,,,,,,,
1.223963421,Alexander Zverev,Daniil Medvedev,,,f230400bec,,,,,19924823,19924831,,,,,,,,
1.223963617,Bernard Tomic,Abhinav Sanjeev Shanmugam,,,c24e3ecb4e,,,,,3588868,21688049,,,,,,,,
1.223963717,Henri Squire,Alexander Blockx,,,6f4c4949da,,,,,10460261,46273968,,,,,,,,
1.223967586,Veronika Erjavec,Miriam Bianca Bulgaru,,,7dec6fe018,,,,,15134048,65253384,,,,,,,,
1.22396759,Rebecca Peterson,Jessica Bouzas Maneiro,,,22232a907c,,,,,7430598,18848405,,,,,,,,
1.223967792,Kirill Kivattsev,Leopold Zima,,,29bf2a9b79,,,,,9635524,11772999,,,,,,,,
1.22396781,Dimitar Kuzmanov,Arthur Rinderknech,,,852a58f698,,,,,8443097,9953233,,,,,,,,
1.223967819,Aziz Dougaz,Duje Ajdukovic,,,5fcf7d6e38,,,,,9632269,12819814,,,,,,,,
1.223967823,Pierre-Hugues Herbert,Tristan Lamasine,,,7cf9f51670,,,,,8266399,8428332,,,,,,,,
1.223967829,Facundo Bagnis,Thiago Monteiro,,,54fb365325,,,,,4520808,8326656,,,,,,,,
1.223967833,Renzo Olivo,Roman Andres Burruchaga,,,a0d5287b7a,,,,,4822931,19249207,,,,,,,,
1.223967837,David Goffin,Abdullah Shelbayh,,,f5e243bcfb,,,,,19924835,53128067,,,,,,,,
1.223967843,Jan Choinski,Adrian Andreev,,,6fbdbbdb5c,,,,,8679715,10460263,,,,,,,,
1.223967847,Brandon Nakashima,Raphael Collignon,,,a27f0289dd,,,,,17806048,36157024,,,,,,,,
1.223968044,Borna Coric,Kamil Majchrzak,,,764e8452e1,,,,,7446579,8698678,,,,,,,,
1.22398067,Emma Lene,Sarah Iliev,,,d7ea11d6c0,,,,,10350281,56153130,,,,,,,,
1.223980679,Vivian Wolff,Hailey Baptiste,,,32006c6965,,,,,10116441,12737427,,,,,,,,
1.22398068,Marie Benoit,Maria Carle,,,5e77c2d80a,,,,,9630240,9630728,,,,,,,,
1.223980681,Clervie Ngounoue,Sayaka Ishii,,,d85f0a547b,,,,,40673088,48534143,,,,,,,,
1.223983142,Mitchell Krueger,Bor Artnak,,,856f31c3bf,,,,,19924836,40249820,,,,,,,,
1.223983146,Brandon Holt,Bruno Kuzuhara,,,8942bcbb86,,,,,10410230,38183232,,,,,,,,
1.22398315,Thai-Son Kwiatkowski,Paul Jubb,,,476db7c262,,,,,8258569,12085604,,,,,,,,
1.223983154,Andre Ilagan,Tim Handel,,,feceeb1691,,,,,12413900,25449720,,,,,,,,
1.22398316,Gauthier Onclin,Leandro Riedi,,,b78077b1a6,,,,,11878711,28081306,,,,,,,,
1.223983164,Marius Copil,Henri Squire,,,f7c52ffd43,,,,,4195870,10460261,,,,,,,,
1.223983212,Vit Kopriva,Matteo Martineau,,,310cd169c4,,,,,9543224,9712888,,,,,,,,
1.223983216,Mathias Bourgue,Billy Harris,,,4314facc04,,,,,7066925,9632777,,,,,,,,
1.223984158,Thiago Agustin Tirante,Murkel Alejandro Dellien,,,d7e81f594e,,,,,11233238,65293711,,,,,,,,
1.22398586,Oradini/Soto,Handel/Whiting,,,8e9354b395,,,,,65213965,65230037,,,,,,,,
1.223986409,Verena Meliss,Solana Sierra,,,3d2b5655a8,,,,,9304762,20954981,,,,,,,,
1.223986411,Arias/Zeballos,Schnaitter/Wallner,,,04ce35d80f,,,,,17285300,49200614,,,,,,,,
1.223992548,Qinwen Zheng,Aryna Sabalenka,,,c1e794907b,Aryna Sabalenka,Aryna Sabalenka,Qinwen Zheng,2024-01-15,18848380,64563186,,,,,,,,
1.223993498,Alexey Zakharov,Sasikumar Mukund,,,114508fd4d,,,,,14534274,25215658,,,,,,,,
1.224001644,Maxime Cressy,Duje Ajdukovic,,,803b3573be,,,,,11510005,12819814,,,,,,,,
1.224001648,Pierre-Hugues Herbert,Arthur Rinderknech,,,2abf3d4395,,,,,8266399,9953233,,,,,,,,
1.224001652,Damir Dzumhur,Henri Squire,,,83d71bade4,,,,,7414058,10460261,,,,,,,,
1.224001656,Jan Choinski,Brandon Nakashima,,,22c6b5fff3,,,,,8679715,17806048,,,,,,,,
1.224002287,Carson Branstine,Rebecca Munk Mortensen,,,6e5db959ca,,,,,10349601,63173908,,,,,,,,
1.224002658,Anastasia Tikhonova,Tina Nadine Smith,,,e08c995aac,,,,,12337426,15294584,,,,,,,,
1.224003896,Bolelli/Vavassori,Bopanna/Ebden,,,9d745cbc83,,,,,38394420,51596955,,,,,,,,
1.224013001,Marina Bassols Ribera,Jessica Bouzas Maneiro,,,ffca5b41e7,,,,,10166446,18848405,,,,,,,,
1.224013183,Tatiana Pieri,Maria Kozyreva,,,fbb5841cb6,,,,,9286489,10578525,,,,,,,,
1.224013375,Thai-Son Kwiatkowski,Andre Ilagan,,,01519df1b5,,,,,8258569,12413900,,,,,,,,
1.2240134,Borna Coric,Abdullah Shelbayh,,,a221be3446,,,,,7446579,53128067,,,,,,,,
1.224013424,Marc-Andrea Huesler,Leandro Riedi,,,b1dcf34c20,,,,,9631939,28081306,,,,,,,,
1.224013436,Schnaitter/Wallner,Dellien Velasco/Gomez,,,53533924c5,,,,,49200614,65222909,,,,,,,,
1.224014325,Kichenok/Ostapenko,Hsieh/Mertens,,,ded2b908c7,,,,,20015061,39345701,,,,,,,,
1.224023812,Mai Hontama,Lulu Sun,,,3e5603f753,,,,,10350145,17311444,,,,,,,,
1.224023816,Chloe Paquet,Irina Maria Bara,,,ee1779357c,,,,,7216239,9628716,,,,,,,,
1.2240239,Valentini Grammatikopou,Panna Udvardy,,,32a495834e,,,,,9630231,11174011,,,,,,,,
1.22402391,Kimberly Birrell,Anastasia Zakharova,,,37294c75bc,,,,,8183109,13320579,,,,,,,,
1.224024022,Olivia Gadecki,Taylah Preston,,,9bf5148798,,,,,11861440,28071385,,,,,,,,
1.224024026,Katarzyna Kawa,Alina Korneeva,,,85634db4fa,,,,,7186321,59478282,,,,,,,,
1.22402991,Jannik Sinner,Daniil Medvedev,,,a4bec3aa89,,,,,10372253,19924831,,,,,,,,
1.224039328,Pierre-Hugues Herbert,Matteo Martineau,,,d0fb2401d5,,,,,8266399,9712888,,,,,,,,
1.224053312,Gianluca Mager,Juan Manuel Cerundolo,,,9bfb2ebbe2,,,,,8284482,12686963,,,,,,,,
1.224053535,Ana Sofia Sanchez,Solana Sierra,,,848269cb28,,,,,7082838,20954981,,,,,,,,
1.224053536,Alice Rame,Ylena In-Albon,,,86525caf49,,,,,9630567,11204542,,,,,,,,
1.224053537,Duje Ajdukovic,Harold Mayot,,,fb3501ab7c,,,,,12819814,17806086,,,,,,,,
1.224054714,Damir Dzumhur,Borna Coric,,,aed2858c54,,,,,7414058,7446579,,,,,,,,
1.224056606,Andre Ilagan,Blaise Bicknell,,,2dd166797c,,,,,12413900,25081703,,,,,,,,
1.22405661,Arends/Verbeek,Huesler/Riedi,,,f515c78f0b,,,,,61227165,65291442,,,,,,,,
1.224058999,Tamira Paszek,Maria Mateas,,,628a321689,,,,,2263715,9635280,,,,,,,,
1.224061415,Anastasia Zakharova,Alina Korneeva,,,33fe245ede,,,,,13320579,59478282,,,,,,,,
1.224061485,Marco Cecchinato,Gianluca Mager,,,cdc57254ee,,,,,6374165,8284482,,,,,,,,
1.224069764,Chloe Paquet,Panna Udvardy,,,0cb2a8b70a,,,,,7216239,11174011,,,,,,,,
1.224069765,Arianne Hartono,Daria Saville,,,60b9567a6f,,,,,10348656,42231870,,,,,,,,
1.224071225,Mai Hontama,Anastasia Tikhonova,,,3b05126c5e,,,,,10350145,12337426,,,,,,,,
1.224072637,Dalma Galfi,Himeno Sakatsume,,,4931242141,,,,,9304691,11772856,,,,,,,,
1.224077113,Scott Jones,Thomas Braithwaite,,,318d07ecfe,,,,,12073062,28162332,,,,,,,,
1.224077121,Pavle Marinkov,Luke Sorensen,,,a18beb7c86,,,,,40097238,40400820,,,,,,,,
1.224077125,Yuki Mochizuki,Seita Watanabe,,,6487a9f8c2,,,,,11352578,15854137,,,,,,,,
1.224077133,Corey Gaal,Jayden Court,,,8af3320f71,,,,,12154063,15842630,,,,,,,,
1.224087487,Harriet Dart,Jule Niemeier,,,9b0d1d20fe,,,,,8595916,11173943,,,,,,,,
1.224087492,Anna-Lena Friedsam,Greet Minnen,,,e8f26c449d,,,,,7593369,10108736,,,,,,,,
1.224087578,Tamara Korpatsch,Olga Danilovic,,,9b85075e06,,,,,9166525,10350258,,,,,,,,
1.224087586,Lucrezia Stefanini,Alycia Parks,,,b0532c1087,,,,,9633869,11233227,,,,,,,,
1.224087713,Magdalena Frech,Ella Seidel,,,850a31486f,,,,,8444351,44932193,,,,,,,,
1.224087715,Jil Teichmann,Marina Bassols Ribera,,,a7ed0bc178,,,,,9247812,10166446,,,,,,,,
1.224091249,Pierre-Hugues Herbert,Duje Ajdukovic,,,8564f9891a,,,,,8266399,12819814,,,,,,,,
1.224096731,Oriol Roca Batalla,Giulio Zeppieri,,,79fd8c382d,,,,,7216519,12154088,,,,,,,,
1.224096777,Hugo Grenier,Antoine Escoffier,,,13ce8d4927,,,,,8813394,9454286,,,,,,,,
1.224096823,Luca Nardi,Daniel Rincon,,,51a05f0ccf,,,,,19544753,27592752,,,,,,,,
1.224096883,Matteo Martineau,Dalibor Svrcina,,,907099f3e4,,,,,9712888,13714711,,,,,,,,
1.224097432,Elmar Ejupovic,David Jorda Sanchis,,,a0bc51810d,,,,,7412767,10902137,,,,,,,,
1.224097436,Franco Agamenone,Mika Lipp,,,00913d8430,,,,,8979622,41023498,,,,,,,,
1.22409744,Louis Wessels,Guy Den Ouden,,,8a858b6d31,,,,,9433880,36157022,,,,,,,,
1.22409746,Michael Vrbensky,Filip Krajinovic,,,8e78ec5364,,,,,12085631,42652256,,,,,,,,
1.224097558,Marvin Moeller,Tibo Colson,,,317ea9a32f,,,,,11422706,27405701,,,,,,,,
1.224097562,Tristan Lamasine,Aidan Mchugh,,,e47a9d632a,,,,,8428332,51188773,,,,,,,,
1.224104,Borna Coric,Leandro Riedi,,,fa3f1dbf60,,,,,7446579,28081306,,,,,,,,
1.224110997,Daniel Dutra da Silva,Matheus Cury Bueres,,,55b1c87fc6,,,,,10924282,20898473,,,,,,,,
1.224111013,Nicolas Parizzia,Igor Gimenez,,,855f8c71c8,,,,,9635189,15231589,,,,,,,,
1.224111017,Marcelo Zormann,Alex Barrena,,,3aa956d64c,,,,,8843888,21808966,,,,,,,,
1.224126871,Alafia Ayeni,William Grant,,,c348d20eb8,,,,,13181138,15842680,,,,,,,,
