tourney_id,tourney_name,surface,draw_size,tourney_level,tourney_date,match_num,winner_id,winner_seed,winner_entry,winner_name,winner_hand,winner_ht,winner_ioc,winner_age,loser_id,loser_seed,loser_entry,loser_name,loser_hand,loser_ht,loser_ioc,loser_age,score,best_of,round,minutes,w_ace,w_df,w_svpt,w_1stIn,w_1stWon,w_2ndWon,w_SvGms,w_bpSaved,w_bpFaced,l_ace,l_df,l_svpt,l_1stIn,l_1stWon,l_2ndWon,l_SvGms,l_bpSaved,l_bpFaced,winner_rank,winner_rank_points,loser_rank,loser_rank_points,match_date,player_1_clean,player_2_clean,market_id,market_time,odds_player_1,odds_player_2,player_1,player_2,actual_winner
2023-540,Wimbledon,Grass,128,G,2023-07-03,101,124186,,,Alexandre Muller,R,183.0,FRA,26.4,126239,,,Arthur Rinderknech,R,196.0,FRA,27.9,7-6(5) 1-6 6-3 6-4,5,R128,155.0,6.0,7.0,141.0,93.0,58.0,24.0,20.0,13.0,18.0,15.0,4.0,107.0,73.0,52.0,18.0,19.0,3.0,8.0,84.0,711.0,82.0,722.0,2023-07-03,alexandre muller,arthur rinderknech,1.215668138,2023-07-05 16:14:53.364,1.05,22.0,Alexandre Muller,Arthur Rinderknech,Alexandre Muller
2023-540,Wimbledon,Grass,128,G,2023-07-03,102,106186,,,Jason Kubler,R,178.0,AUS,30.1,200005,,,Ugo Humbert,L,188.0,FRA,25.0,6-4 4-6 6-2 3-6 6-3,5,R128,222.0,11.0,5.0,157.0,104.0,69.0,26.0,23.0,10.0,14.0,24.0,5.0,135.0,77.0,59.0,24.0,23.0,4.0,10.0,77.0,742.0,39.0,1042.0,2023-07-03,jason kubler,ugo humbert,1.21567593,2023-07-06 14:18:19.689,1.11,2.74,Jason Kubler,Ugo Humbert,Jason Kubler
2023-540,Wimbledon,Grass,128,G,2023-07-03,103,111797,25.0,,Nicolas Jarry,R,201.0,CHI,27.7,106065,,,Marco Cecchinato,R,185.0,ITA,30.7,4-6 6-2 6-4 6-1,5,R128,142.0,14.0,1.0,85.0,60.0,52.0,13.0,17.0,0.0,1.0,8.0,8.0,134.0,85.0,53.0,22.0,18.0,11.0,17.0,28.0,1336.0,89.0,673.0,2023-07-03,nicolas jarry,marco cecchinato,1.215661349,2023-07-06 12:52:18.892,1.14,8.0,Nicolas Jarry,Marco Cecchinato,Nicolas Jarry
2023-540,Wimbledon,Grass,128,G,2023-07-03,104,100644,19.0,,Alexander Zverev,R,198.0,GER,26.2,133835,,Q,Gijs Brouwer,L,191.0,NED,27.3,6-4 7-6(4) 7-6(5),5,R128,135.0,20.0,3.0,111.0,76.0,60.0,22.0,19.0,4.0,4.0,7.0,3.0,109.0,74.0,56.0,20.0,17.0,1.0,2.0,21.0,1630.0,153.0,383.0,2023-07-03,alexander zverev,gijs brouwer,1.215668196,2023-07-06 14:23:58.759,1.11,100.0,Alexander Zverev,Gijs Brouwer,Alexander Zverev
2023-540,Wimbledon,Grass,128,G,2023-07-03,105,133297,,LL,Yosuke Watanuki,R,180.0,JPN,25.2,144817,,,Marc Andrea Huesler,L,196.0,SUI,27.0,6-7(5) 5-7 7-6(5) 7-6(3) 6-3,5,R128,239.0,22.0,8.0,194.0,126.0,99.0,37.0,31.0,5.0,7.0,30.0,7.0,173.0,104.0,88.0,35.0,29.0,2.0,4.0,116.0,547.0,81.0,726.0,2023-07-03,yosuke watanuki,marc andrea huesler,1.2156739,2023-07-06 12:07:28.593,1.83,1.48,Yosuke Watanuki,Marc Andrea Huesler,Yosuke Watanuki
2023-540,Wimbledon,Grass,128,G,2023-07-03,106,126610,,,Matteo Berrettini,R,196.0,ITA,27.2,132283,,,Lorenzo Sonego,R,191.0,ITA,28.1,6-7(5) 6-3 7-6(7) 6-3,5,R128,201.0,17.0,1.0,134.0,83.0,70.0,32.0,22.0,2.0,2.0,8.0,3.0,117.0,85.0,68.0,20.0,22.0,4.0,6.0,38.0,1082.0,42.0,1015.0,2023-07-03,matteo berrettini,lorenzo sonego,1.215655059,2023-07-06 13:47:16.127,1.02,50.0,Matteo Berrettini,Lorenzo Sonego,Matteo Berrettini
2023-540,Wimbledon,Grass,128,G,2023-07-03,107,200282,15.0,,Alex De Minaur,R,183.0,AUS,24.3,106293,,Q,Kimmer Coppejans,R,178.0,BEL,29.3,6-7(5) 6-3 6-3 7-6(2),5,R128,204.0,14.0,3.0,124.0,67.0,51.0,38.0,22.0,3.0,6.0,4.0,2.0,184.0,128.0,78.0,26.0,22.0,16.0,22.0,17.0,2115.0,188.0,309.0,2023-07-03,alex de minaur,kimmer coppejans,1.215672253,2023-07-06 13:36:49.021,1.01,70.0,Alex De Minaur,Kimmer Coppejans,Alex De Minaur
2023-540,Wimbledon,Grass,128,G,2023-07-03,108,126207,10.0,,Frances Tiafoe,R,188.0,USA,25.4,200059,,,Yibing Wu,R,183.0,CHN,23.7,7-6(4) 6-3 6-4,5,R128,150.0,14.0,4.0,117.0,73.0,48.0,24.0,17.0,7.0,11.0,9.0,1.0,108.0,69.0,45.0,13.0,15.0,5.0,11.0,10.0,3085.0,62.0,814.0,2023-07-03,frances tiafoe,yibing wu,1.215655056,2023-07-05 15:56:15.183,1.23,500.0,Frances Tiafoe,Yibing Wu,Frances Tiafoe
2023-540,Wimbledon,Grass,128,G,2023-07-03,109,208502,,Q,Dominic Stricker,L,183.0,SUI,20.8,200615,,,Alexei Popyrin,R,196.0,AUS,23.9,3-6 6-3 6-2 4-6 7-5,5,R128,189.0,17.0,6.0,144.0,86.0,68.0,30.0,24.0,10.0,14.0,25.0,5.0,158.0,90.0,68.0,27.0,24.0,9.0,15.0,117.0,535.0,93.0,645.0,2023-07-03,dominic stricker,alexei popyrin,1.215660257,2023-07-05 16:31:12.768,1.03,100.0,Dominic Stricker,Alexei Popyrin,Dominic Stricker
2023-540,Wimbledon,Grass,128,G,2023-07-03,110,125802,,,Ilya Ivashka,R,193.0,BLR,29.3,105948,,,Federico Coria,R,180.0,ARG,31.3,4-6 6-4 6-3 6-0,5,R128,143.0,7.0,2.0,111.0,72.0,55.0,25.0,18.0,8.0,9.0,1.0,1.0,101.0,64.0,40.0,19.0,17.0,7.0,12.0,102.0,607.0,104.0,592.0,2023-07-03,ilya ivashka,federico coria,1.215663921,2023-07-05 16:42:55.765,1.11,10.5,Ilya Ivashka,Federico Coria,Ilya Ivashka
2023-540,Wimbledon,Grass,128,G,2023-07-03,111,105777,21.0,,Grigor Dimitrov,R,191.0,BUL,32.1,200647,,Q,Sho Shimabukuro,R,180.0,JPN,25.9,6-1 6-2 6-1,5,R128,93.0,8.0,4.0,63.0,34.0,29.0,17.0,11.0,4.0,4.0,4.0,3.0,75.0,38.0,17.0,17.0,11.0,3.0,10.0,24.0,1430.0,162.0,357.0,2023-07-03,grigor dimitrov,sho shimabukuro,1.215668858,2023-07-05 11:42:12.098,1.09,13.0,Grigor Dimitrov,Sho Shimabukuro,Grigor Dimitrov
2023-540,Wimbledon,Grass,128,G,2023-07-03,112,200221,31.0,,Alejandro Davidovich Fokina,R,183.0,ESP,24.0,209950,,WC,Arthur Fils,R,185.0,FRA,19.0,7-6(3) 6-1 6-2,5,R128,106.0,2.0,1.0,96.0,69.0,47.0,19.0,15.0,5.0,7.0,5.0,6.0,82.0,48.0,29.0,16.0,13.0,2.0,8.0,34.0,1115.0,61.0,816.0,2023-07-03,alejandro davidovich fokina,arthur fils,1.215671737,2023-07-06 10:06:24.515,1.8,2.36,Alejandro Davidovich Fokina,Arthur Fils,Alejandro Davidovich Fokina
2023-540,Wimbledon,Grass,128,G,2023-07-03,113,122298,,,Botic Van De Zandschulp,R,191.0,NED,27.7,111190,,,Zhizhen Zhang,R,193.0,CHN,26.7,2-6 7-6(3) 7-6(6) 3-6 6-2,5,R128,241.0,13.0,6.0,152.0,105.0,73.0,25.0,25.0,6.0,11.0,19.0,3.0,183.0,126.0,91.0,22.0,26.0,11.0,15.0,44.0,975.0,52.0,874.0,2023-07-03,botic van de zandschulp,zhizhen zhang,1.215662141,2023-07-06 14:12:53.898,1.03,32.0,Botic Van De Zandschulp,Zhizhen Zhang,Botic Van De Zandschulp
2023-540,Wimbledon,Grass,128,G,2023-07-03,114,106148,,,Roberto Carballes Baena,R,183.0,ESP,30.2,208286,,Q,Matteo Arnaldi,R,185.0,ITA,22.3,6-7(0) 6-3 6-4 6-4,5,R128,177.0,2.0,5.0,128.0,70.0,53.0,34.0,22.0,5.0,7.0,9.0,4.0,115.0,61.0,42.0,32.0,20.0,3.0,8.0,57.0,850.0,80.0,737.0,2023-07-03,roberto carballes baena,matteo arnaldi,1.215670491,2023-07-06 11:56:40.544,1.02,50.0,Roberto Carballes Baena,Matteo Arnaldi,Roberto Carballes Baena
2023-540,Wimbledon,Grass,128,G,2023-07-03,116,106421,3.0,,Daniil Medvedev,R,198.0,RUS,27.3,209259,,WC,Arthur Fery,R,175.0,GBR,20.9,7-5 6-4 6-3,5,R128,132.0,7.0,3.0,87.0,56.0,44.0,15.0,15.0,2.0,4.0,2.0,0.0,101.0,62.0,37.0,19.0,16.0,6.0,12.0,3.0,5890.0,391.0,118.0,2023-07-03,daniil medvedev,arthur fery,1.215658199,2023-07-05 12:40:43.358,1.03,44.0,Daniil Medvedev,Arthur Fery,Daniil Medvedev
2023-540,Wimbledon,Grass,128,G,2023-07-03,117,105173,,,Adrian Mannarino,L,180.0,FRA,35.0,207686,,,Alexander Shevchenko,R,185.0,KAZ,22.5,6-3 6-3 6-2,5,R128,90.0,9.0,5.0,80.0,51.0,39.0,16.0,13.0,3.0,4.0,2.0,3.0,77.0,53.0,31.0,10.0,13.0,7.0,13.0,35.0,1112.0,97.0,623.0,2023-07-03,adrian mannarino,alexander shevchenko,1.215657985,2023-07-05 17:12:32.496,1.28,4.0,Adrian Mannarino,Alexander Shevchenko,Adrian Mannarino
2023-540,Wimbledon,Grass,128,G,2023-07-03,118,106218,,,Marcos Giron,R,180.0,USA,29.9,106198,,,Hugo Dellien,R,180.0,BOL,30.0,7-6(2) 6-4 6-4,5,R128,128.0,16.0,1.0,99.0,64.0,55.0,19.0,17.0,6.0,7.0,3.0,6.0,108.0,69.0,52.0,17.0,16.0,8.0,11.0,65.0,795.0,171.0,340.0,2023-07-03,marcos giron,hugo dellien,1.215669243,2023-07-05 17:44:10.185,1.05,55.0,Marcos Giron,Hugo Dellien,Marcos Giron
2023-540,Wimbledon,Grass,128,G,2023-07-03,119,105916,,,Marton Fucsovics,R,188.0,HUN,31.3,134868,28.0,,Tallon Griekspoor,R,188.0,NED,27.0,6-4 6-2 6-4,5,R128,116.0,8.0,7.0,93.0,50.0,36.0,25.0,14.0,2.0,3.0,3.0,2.0,81.0,44.0,30.0,16.0,14.0,5.0,10.0,67.0,777.0,31.0,1254.0,2023-07-03,marton fucsovics,tallon griekspoor,1.215657126,2023-07-05 19:07:14.442,1.02,6.2,Marton Fucsovics,Tallon Griekspoor,Marton Fucsovics
2023-540,Wimbledon,Grass,128,G,2023-07-03,120,202103,18.0,,Francisco Cerundolo,R,185.0,ARG,24.8,132686,,,Nuno Borges,R,185.0,POR,26.3,5-7 6-3 6-3 6-4,5,R128,172.0,11.0,8.0,123.0,76.0,60.0,22.0,20.0,6.0,8.0,5.0,9.0,169.0,106.0,70.0,26.0,20.0,17.0,22.0,19.0,1860.0,69.0,770.0,2023-07-03,francisco cerundolo,nuno borges,1.215674608,2023-07-05 16:28:11.302,1.3,1000.0,Francisco Cerundolo,Nuno Borges,Francisco Cerundolo
2023-540,Wimbledon,Grass,128,G,2023-07-03,121,208103,,,Jiri Lehecka,R,185.0,CZE,21.6,124116,,WC,Sebastian Ofner,R,191.0,AUT,27.1,6-4 6-4 6-4,5,R128,99.0,4.0,2.0,89.0,70.0,50.0,15.0,15.0,2.0,2.0,7.0,7.0,101.0,64.0,46.0,18.0,15.0,7.0,10.0,37.0,1083.0,72.0,768.0,2023-07-03,jiri lehecka,sebastian ofner,1.215665523,2023-07-05 11:38:41.122,1.5,3.0,Jiri Lehecka,Sebastian Ofner,Jiri Lehecka
2023-540,Wimbledon,Grass,128,G,2023-07-03,122,105683,,,Milos Raonic,R,196.0,CAN,32.5,110602,,Q,Dennis Novak,R,183.0,AUT,29.8,6-7(5) 6-4 7-6(5) 6-1,5,R128,158.0,28.0,2.0,125.0,88.0,77.0,20.0,22.0,2.0,2.0,4.0,4.0,123.0,70.0,52.0,31.0,21.0,5.0,8.0,849.0,20.0,159.0,362.0,2023-07-03,milos raonic,dennis novak,1.215659049,2023-07-05 16:04:59.702,2.04,100.0,Milos Raonic,Dennis Novak,Milos Raonic
2023-540,Wimbledon,Grass,128,G,2023-07-03,123,126205,16.0,,Tommy Paul,R,185.0,USA,26.1,208278,,Q,Shintaro Mochizuki,R,175.0,JPN,20.0,7-5 6-3 6-1,5,R128,109.0,6.0,4.0,92.0,45.0,34.0,28.0,14.0,4.0,5.0,4.0,2.0,80.0,54.0,35.0,9.0,14.0,1.0,7.0,15.0,2250.0,212.0,276.0,2023-07-03,tommy paul,shintaro mochizuki,1.215669703,2023-07-05 15:18:33.080,1.16,6.4,Tommy Paul,Shintaro Mochizuki,Tommy Paul
2023-540,Wimbledon,Grass,128,G,2023-07-03,124,111815,12.0,,Cameron Norrie,L,188.0,GBR,27.8,207830,,Q,Tomas Machac,R,183.0,CZE,22.7,6-3 4-6 6-1 6-4,5,R128,152.0,8.0,2.0,115.0,74.0,57.0,17.0,18.0,5.0,8.0,13.0,5.0,139.0,89.0,51.0,22.0,18.0,14.0,21.0,13.0,2610.0,108.0,573.0,2023-07-03,cameron norrie,tomas machac,1.215666117,2023-07-04 18:42:30.545,1.22,100.0,Cameron Norrie,Tomas Machac,Cameron Norrie
2023-540,Wimbledon,Grass,128,G,2023-07-03,125,111153,,,Christopher Eubanks,R,201.0,USA,27.1,106329,,,Thiago Monteiro,L,183.0,BRA,29.0,4-6 7-5 7-5 6-3,5,R128,166.0,28.0,4.0,117.0,89.0,76.0,12.0,22.0,1.0,2.0,10.0,4.0,112.0,58.0,45.0,37.0,21.0,2.0,5.0,43.0,976.0,95.0,626.0,2023-07-03,christopher eubanks,thiago monteiro,1.215658028,2023-07-05 19:17:10.965,1.27,1000.0,Christopher Eubanks,Thiago Monteiro,Christopher Eubanks
2023-540,Wimbledon,Grass,128,G,2023-07-03,127,106210,,,Jiri Vesely,L,198.0,CZE,29.9,200624,22.0,,Sebastian Korda,R,196.0,USA,22.9,7-6(7) 4-6 6-2 6-3,5,R128,179.0,23.0,11.0,146.0,99.0,75.0,25.0,20.0,10.0,11.0,19.0,3.0,114.0,75.0,57.0,23.0,20.0,1.0,4.0,528.0,67.0,25.0,1355.0,2023-07-03,jiri vesely,sebastian korda,1.215675661,2023-07-05 19:19:54.027,1.05,21.0,Jiri Vesely,Sebastian Korda,Jiri Vesely
2023-540,Wimbledon,Grass,128,G,2023-07-03,128,210097,32.0,,Ben Shelton,L,193.0,USA,20.7,106121,,LL,Taro Daniel,R,191.0,JPN,30.4,6-4 6-3 3-6 4-6 6-3,5,R128,184.0,22.0,2.0,133.0,96.0,76.0,20.0,24.0,2.0,4.0,4.0,6.0,147.0,103.0,74.0,22.0,23.0,6.0,9.0,36.0,1094.0,106.0,584.0,2023-07-03,ben shelton,taro daniel,1.215665256,2023-07-05 18:57:23.853,1.02,50.0,Ben Shelton,Taro Daniel,Ben Shelton
2023-540,Wimbledon,Grass,128,G,2023-07-03,129,111513,,,Laslo Djere,R,188.0,SRB,28.0,202195,,,Maxime Cressy,R,201.0,USA,26.1,6-7(5) 7-6(3) 7-6(8) 7-6(7),5,R128,217.0,15.0,5.0,158.0,106.0,83.0,37.0,26.0,5.0,7.0,23.0,21.0,166.0,92.0,80.0,39.0,26.0,6.0,8.0,60.0,820.0,58.0,845.0,2023-07-03,laslo djere,maxime cressy,1.215674172,2023-07-05 21:58:08.017,1.1,15.0,Laslo Djere,Maxime Cressy,Laslo Djere
2023-540,Wimbledon,Grass,128,G,2023-07-03,130,104918,,,Andy Murray,R,191.0,GBR,36.1,126106,,WC,Ryan Peniston,L,180.0,GBR,27.6,6-3 6-0 6-1,5,R128,121.0,5.0,0.0,73.0,46.0,35.0,16.0,11.0,2.0,2.0,2.0,4.0,71.0,37.0,23.0,11.0,11.0,6.0,13.0,40.0,1030.0,268.0,207.0,2023-07-03,andy murray,ryan peniston,1.215657597,2023-07-04 14:51:30.532,1.12,9.2,Andy Murray,Ryan Peniston,Andy Murray
2023-540,Wimbledon,Grass,128,G,2023-07-03,131,126774,5.0,,Stefanos Tsitsipas,R,193.0,GRE,24.8,106233,,,Dominic Thiem,R,185.0,AUT,29.8,3-6 7-6(1) 6-2 6-7(5) 7-6(8),5,R128,236.0,13.0,3.0,153.0,100.0,82.0,38.0,27.0,2.0,3.0,15.0,4.0,178.0,107.0,79.0,46.0,29.0,9.0,11.0,5.0,4670.0,91.0,666.0,2023-07-03,stefanos tsitsipas,dominic thiem,1.215656595,2023-07-05 18:52:55.257,1.38,3.45,Stefanos Tsitsipas,Dominic Thiem,Stefanos Tsitsipas
2023-540,Wimbledon,Grass,128,G,2023-07-03,133,106043,,,Diego Schwartzman,R,170.0,ARG,30.8,200175,,,Miomir Kecmanovic,R,183.0,SRB,23.8,6-0 6-3 6-4,5,R128,124.0,2.0,4.0,96.0,71.0,50.0,8.0,13.0,6.0,8.0,0.0,4.0,97.0,63.0,39.0,8.0,12.0,11.0,18.0,98.0,615.0,41.0,1020.0,2023-07-03,diego schwartzman,miomir kecmanovic,1.215660636,2023-07-03 19:20:08.514,1.03,38.0,Diego Schwartzman,Miomir Kecmanovic,Diego Schwartzman
2023-540,Wimbledon,Grass,128,G,2023-07-03,134,126846,,,Aleksandar Vukic,R,188.0,AUS,27.2,127157,,,Daniel Altmaier,R,188.0,GER,24.8,6-3 7-6(1) 3-6 7-5,5,R128,156.0,11.0,3.0,115.0,75.0,59.0,21.0,21.0,2.0,5.0,6.0,2.0,129.0,79.0,55.0,26.0,22.0,5.0,10.0,87.0,679.0,66.0,778.0,2023-07-03,aleksandar vukic,daniel altmaier,1.215667204,2023-07-03 19:34:58.678,1.02,55.0,Aleksandar Vukic,Daniel Altmaier,Aleksandar Vukic
2023-540,Wimbledon,Grass,128,G,2023-07-03,136,123755,,,Daniel Elahi Galan,R,191.0,COL,27.0,106415,24.0,,Yoshihito Nishioka,L,170.0,JPN,27.7,6-4 6-3 6-3,5,R128,109.0,11.0,4.0,87.0,52.0,41.0,17.0,14.0,6.0,8.0,3.0,4.0,77.0,54.0,34.0,8.0,14.0,0.0,6.0,85.0,693.0,27.0,1351.0,2023-07-03,daniel elahi galan,yoshihito nishioka,1.215664827,2023-07-03 19:21:18.675,1.02,100.0,Daniel Elahi Galan,Yoshihito Nishioka,Daniel Elahi Galan
2023-540,Wimbledon,Grass,128,G,2023-07-03,137,106214,,Q,Oscar Otte,R,193.0,GER,29.9,136440,,,Dominik Koepfer,L,180.0,GER,29.1,7-5 6-3 7-6(9),5,R128,128.0,21.0,11.0,114.0,69.0,58.0,18.0,17.0,3.0,5.0,3.0,3.0,106.0,62.0,45.0,23.0,17.0,3.0,7.0,233.0,251.0,86.0,681.0,2023-07-03,oscar otte,dominik koepfer,1.21565983,2023-07-03 16:25:12.180,1.72,2.38,Oscar Otte,Dominik Koepfer,Oscar Otte
2023-540,Wimbledon,Grass,128,G,2023-07-03,139,126203,9.0,,Taylor Fritz,R,196.0,USA,25.6,105870,,,Yannick Hanfmann,R,193.0,GER,31.6,6-4 2-6 4-6 7-5 6-3,5,R128,181.0,15.0,3.0,144.0,101.0,72.0,25.0,25.0,9.0,13.0,10.0,4.0,135.0,94.0,66.0,26.0,24.0,3.0,7.0,9.0,3310.0,45.0,962.0,2023-07-03,taylor fritz,yannick hanfmann,1.215659048,2023-07-05 15:07:57.087,1.5,3.0,Taylor Fritz,Yannick Hanfmann,Taylor Fritz
2023-540,Wimbledon,Grass,128,G,2023-07-03,140,105550,,,Guido Pella,L,183.0,ARG,33.1,106432,13.0,,Borna Coric,R,188.0,CRO,26.6,6-3 7-5 4-6 3-6 6-1,5,R128,211.0,7.0,2.0,160.0,115.0,80.0,25.0,24.0,14.0,17.0,16.0,1.0,131.0,95.0,71.0,16.0,23.0,3.0,8.0,308.0,170.0,14.0,2305.0,2023-07-03,guido pella,borna coric,1.215673294,2023-07-05 16:43:11.925,1.01,100.0,Guido Pella,Borna Coric,Guido Pella
2023-540,Wimbledon,Grass,128,G,2023-07-03,141,208004,,Q,Harold Mayot,R,180.0,FRA,21.4,126127,,,Benjamin Bonzi,R,183.0,FRA,27.0,6-3 6-4 7-5,5,R128,118.0,15.0,1.0,100.0,68.0,53.0,18.0,16.0,7.0,8.0,5.0,3.0,89.0,55.0,39.0,17.0,15.0,2.0,6.0,181.0,321.0,94.0,638.0,2023-07-03,harold mayot,benjamin bonzi,1.215675427,2023-07-05 15:07:45.372,1.11,9.6,Harold Mayot,Benjamin Bonzi,Harold Mayot
2023-540,Wimbledon,Grass,128,G,2023-07-03,142,144895,,,Corentin Moutet,L,180.0,FRA,24.2,104755,,,Richard Gasquet,R,183.0,FRA,37.0,6-3 7-5 7-5,5,R128,146.0,12.0,3.0,103.0,69.0,46.0,20.0,17.0,8.0,11.0,1.0,4.0,111.0,76.0,47.0,14.0,16.0,8.0,14.0,71.0,768.0,51.0,875.0,2023-07-03,corentin moutet,richard gasquet,1.215657163,2023-07-03 16:48:12.676,1.02,50.0,Corentin Moutet,Richard Gasquet,Corentin Moutet
2023-540,Wimbledon,Grass,128,G,2023-07-03,143,126128,,,Roman Safiullin,R,185.0,RUS,25.9,105138,20.0,,Roberto Bautista Agut,R,183.0,ESP,35.2,2-6 7-6(7) 6-7(4) 6-4 7-5,5,R128,243.0,17.0,9.0,170.0,110.0,81.0,33.0,27.0,5.0,9.0,6.0,3.0,184.0,125.0,87.0,31.0,29.0,9.0,13.0,92.0,663.0,23.0,1480.0,2023-07-03,roman safiullin,roberto bautista agut,1.215656846,2023-07-05 16:20:03.552,1.05,20.0,Roman Safiullin,Roberto Bautista Agut,Roman Safiullin
2023-540,Wimbledon,Grass,128,G,2023-07-03,144,133430,26.0,,Denis Shapovalov,L,185.0,CAN,24.2,105430,,Q,Radu Albot,R,175.0,MDA,33.6,5-7 6-4 6-2 6-2,5,R128,150.0,13.0,7.0,105.0,60.0,51.0,22.0,19.0,4.0,7.0,0.0,6.0,124.0,81.0,51.0,18.0,19.0,9.0,16.0,29.0,1335.0,107.0,580.0,2023-07-03,denis shapovalov,radu albot,1.215668195,2023-07-05 15:47:54.028,1.8,2.24,Denis Shapovalov,Radu Albot,Denis Shapovalov
2023-540,Wimbledon,Grass,128,G,2023-07-03,145,106296,,,Gregoire Barrere,R,183.0,FRA,29.3,144750,,,Lloyd Harris,R,193.0,RSA,26.3,7-5 6-7(4) 7-5 6-3,5,R128,190.0,11.0,0.0,155.0,95.0,66.0,38.0,22.0,8.0,10.0,20.0,5.0,161.0,109.0,70.0,28.0,24.0,7.0,13.0,49.0,889.0,208.0,279.0,2023-07-03,gregoire barrere,lloyd harris,1.215661788,2023-07-05 16:24:51.226,2.14,40.0,Gregoire Barrere,Lloyd Harris,Gregoire Barrere
2023-540,Wimbledon,Grass,128,G,2023-07-03,146,106281,,WC,Liam Broady,L,183.0,GBR,29.4,106005,,,Constant Lestienne,R,180.0,FRA,31.1,6-1 6-3 7-5,5,R128,122.0,6.0,2.0,85.0,44.0,32.0,24.0,14.0,5.0,8.0,4.0,3.0,91.0,63.0,32.0,12.0,14.0,8.0,16.0,142.0,422.0,74.0,761.0,2023-07-03,liam broady,constant lestienne,1.215670798,2023-07-03 13:06:49.492,1.52,2.9,Liam Broady,Constant Lestienne,Liam Broady
2023-540,Wimbledon,Grass,128,G,2023-07-03,148,126094,7.0,,Andrey Rublev,R,188.0,RUS,25.7,126845,,,Max Purcell,R,185.0,AUS,25.2,6-3 7-5 6-4,5,R128,93.0,6.0,1.0,94.0,69.0,53.0,12.0,16.0,4.0,6.0,8.0,3.0,71.0,45.0,32.0,12.0,15.0,0.0,5.0,7.0,4255.0,64.0,796.0,2023-07-03,andrey rublev,max purcell,1.215672653,2023-07-03 10:07:50.610,1.09,11.0,Andrey Rublev,Max Purcell,Andrey Rublev
2023-540,Wimbledon,Grass,128,G,2023-07-03,149,106234,,,Aslan Karatsev,R,185.0,RUS,29.8,209414,,,Luca Van Assche,R,178.0,FRA,19.1,6-7(4) 6-4 6-2 6-4,5,R128,200.0,11.0,8.0,135.0,74.0,55.0,34.0,20.0,8.0,10.0,6.0,6.0,148.0,88.0,53.0,35.0,21.0,14.0,20.0,50.0,888.0,75.0,758.0,2023-07-03,aslan karatsev,luca van assche,1.215658411,2023-07-03 10:10:49.686,1.69,2.38,Aslan Karatsev,Luca Van Assche,Aslan Karatsev
2023-540,Wimbledon,Grass,128,G,2023-07-03,150,144642,,Q,Tomas Barrios Vera,R,191.0,CHI,25.5,202104,,,Sebastian Baez,R,170.0,ARG,22.5,7-6(7) 3-6 6-3 7-6(2),5,R128,212.0,7.0,1.0,134.0,97.0,70.0,23.0,22.0,6.0,8.0,3.0,7.0,159.0,117.0,80.0,21.0,22.0,8.0,10.0,133.0,456.0,46.0,955.0,2023-07-03,tomas barrios vera,sebastian baez,1.215662607,2023-07-03 15:09:05.526,1.02,50.0,Tomas Barrios Vera,Sebastian Baez,Tomas Barrios Vera
2023-540,Wimbledon,Grass,128,G,2023-07-03,151,105676,,WC,David Goffin,R,180.0,BEL,32.5,206681,,LL,Fabian Marozsan,R,193.0,HUN,23.7,6-2 5-7 6-2 6-0,5,R128,115.0,6.0,4.0,85.0,52.0,44.0,24.0,17.0,1.0,2.0,6.0,8.0,97.0,61.0,39.0,15.0,17.0,6.0,13.0,123.0,503.0,96.0,626.0,2023-07-03,david goffin,fabian marozsan,1.215758807,2023-07-03 12:54:18.776,1.62,2.62,David Goffin,Fabian Marozsan,David Goffin
2023-540,Wimbledon,Grass,128,G,2023-07-03,152,122330,23.0,,Alexander Bublik,R,196.0,KAZ,26.0,111456,,,Mackenzie Mcdonald,R,178.0,USA,28.2,6-7(3) 6-4 6-4 6-4,5,R128,169.0,24.0,11.0,124.0,78.0,70.0,19.0,21.0,3.0,4.0,6.0,8.0,141.0,88.0,61.0,27.0,22.0,7.0,11.0,26.0,1354.0,54.0,855.0,2023-07-03,alexander bublik,mackenzie mcdonald,1.215669676,2023-07-03 16:56:29.553,1.56,2.78,Alexander Bublik,Mackenzie Mcdonald,Alexander Bublik
2023-540,Wimbledon,Grass,128,G,2023-07-03,154,109739,,Q,Maximilian Marterer,L,188.0,GER,28.0,127339,,,Borna Gojo,R,196.0,CRO,25.3,7-5 6-7(8) 6-3 6-4,5,R128,166.0,17.0,6.0,136.0,83.0,73.0,28.0,23.0,6.0,7.0,14.0,11.0,144.0,85.0,63.0,31.0,21.0,9.0,13.0,170.0,342.0,112.0,557.0,2023-07-03,maximilian marterer,borna gojo,1.215667494,2023-07-03 16:02:27.344,1.01,140.0,Maximilian Marterer,Borna Gojo,Maximilian Marterer
2023-540,Wimbledon,Grass,128,G,2023-07-03,155,111581,,LL,Michael Mmoh,R,188.0,USA,25.4,200000,11.0,,Felix Auger Aliassime,R,193.0,CAN,22.8,7-6(4) 6-7(4) 7-6(4) 6-4,5,R128,247.0,12.0,4.0,146.0,104.0,85.0,22.0,25.0,3.0,5.0,17.0,8.0,151.0,91.0,73.0,31.0,24.0,2.0,5.0,119.0,527.0,12.0,2760.0,2023-07-03,michael mmoh,felix auger aliassime,1.215706784,2023-07-03 18:22:39.348,1.01,100.0,Michael Mmoh,Felix Auger Aliassime,Michael Mmoh
2023-540,Wimbledon,Grass,128,G,2023-07-03,156,207518,14.0,,Lorenzo Musetti,R,185.0,ITA,21.3,122669,,,Juan Pablo Varillas,R,185.0,PER,27.7,6-3 6-1 7-5,5,R128,122.0,5.0,4.0,88.0,59.0,47.0,15.0,14.0,3.0,4.0,4.0,3.0,84.0,52.0,32.0,15.0,14.0,6.0,12.0,16.0,2210.0,63.0,806.0,2023-07-03,lorenzo musetti,juan pablo varillas,1.215674999,2023-07-03 10:10:48.456,1.08,12.5,Lorenzo Musetti,Juan Pablo Varillas,Lorenzo Musetti
2023-540,Wimbledon,Grass,128,G,2023-07-03,157,144719,,,Jaume Munar,R,183.0,ESP,26.1,104545,,,John Isner,R,208.0,USA,38.1,4-6 6-3 6-4 6-4,5,R128,158.0,5.0,9.0,139.0,99.0,67.0,20.0,20.0,9.0,12.0,17.0,6.0,107.0,62.0,46.0,19.0,19.0,4.0,9.0,109.0,570.0,103.0,595.0,2023-07-03,jaume munar,john isner,1.215672216,2023-07-03 13:07:39.589,3.2,1.5,Jaume Munar,John Isner,Jaume Munar
2023-540,Wimbledon,Grass,128,G,2023-07-03,158,123828,,WC,Jan Choinski,R,196.0,GBR,27.0,105583,,,Dusan Lajovic,R,183.0,SRB,33.0,5-7 7-6(4) 6-2 6-2,5,R128,155.0,8.0,2.0,128.0,88.0,57.0,24.0,20.0,6.0,11.0,7.0,5.0,123.0,80.0,50.0,21.0,21.0,5.0,13.0,164.0,348.0,56.0,854.0,2023-07-03,jan choinski,dusan lajovic,1.215667983,2023-07-03 18:42:29.537,2.62,1000.0,Jan Choinski,Dusan Lajovic,Jan Choinski
2023-540,Wimbledon,Grass,128,G,2023-07-03,160,144869,29.0,,Tomas Martin Etcheverry,R,196.0,ARG,23.9,126523,,,Bernabe Zapata Miralles,R,183.0,ESP,26.4,6-7(5) 5-7 6-3 6-4 7-5,5,R128,277.0,10.0,3.0,205.0,140.0,100.0,31.0,28.0,17.0,21.0,1.0,5.0,167.0,124.0,83.0,24.0,28.0,9.0,15.0,32.0,1201.0,53.0,856.0,2023-07-03,tomas martin etcheverry,bernabe zapata miralles,1.215673252,2023-07-04 20:53:01.470,2.36,21.0,Tomas Martin Etcheverry,Bernabe Zapata Miralles,Tomas Martin Etcheverry
2023-540,Wimbledon,Grass,128,G,2023-07-03,161,104527,,,Stan Wawrinka,R,183.0,SUI,38.2,200325,,,Emil Ruusuvuori,R,188.0,FIN,24.2,7-5 7-5 6-4,5,R128,138.0,6.0,3.0,109.0,71.0,53.0,19.0,17.0,9.0,11.0,3.0,3.0,106.0,62.0,43.0,22.0,17.0,7.0,12.0,88.0,674.0,47.0,936.0,2023-07-03,stan wawrinka,emil ruusuvuori,1.215659871,2023-07-03 19:43:16.215,1.02,34.0,Stan Wawrinka,Emil Ruusuvuori,Stan Wawrinka
2023-540,Wimbledon,Grass,128,G,2023-07-03,162,111442,,,Jordan Thompson,R,183.0,AUS,29.2,206909,,,Brandon Nakashima,R,188.0,USA,21.9,2-6 2-6 6-4 7-6(4) 6-3,5,R128,210.0,16.0,2.0,137.0,85.0,59.0,32.0,25.0,4.0,9.0,11.0,2.0,141.0,88.0,65.0,30.0,23.0,4.0,7.0,70.0,769.0,55.0,855.0,2023-07-03,jordan thompson,brandon nakashima,1.215668766,2023-07-03 15:14:07.146,1.01,100.0,Jordan Thompson,Brandon Nakashima,Jordan Thompson
2023-540,Wimbledon,Grass,128,G,2023-07-03,164,207989,1.0,,Carlos Alcaraz,R,183.0,ESP,20.1,124186,,,Alexandre Muller,R,183.0,FRA,26.4,6-4 7-6(2) 6-3,5,R64,153.0,5.0,3.0,109.0,70.0,53.0,23.0,16.0,6.0,6.0,5.0,1.0,120.0,82.0,45.0,27.0,16.0,12.0,14.0,1.0,7675.0,84.0,711.0,2023-07-03,carlos alcaraz,alexandre muller,1.215824528,2023-07-07 15:11:10.507,1.02,970.0,Carlos Alcaraz,Alexandre Muller,Carlos Alcaraz
2023-540,Wimbledon,Grass,128,G,2023-07-03,165,111797,25.0,,Nicolas Jarry,R,201.0,CHI,27.7,106186,,,Jason Kubler,R,178.0,AUS,30.1,7-5 5-7 6-3 6-4,5,R64,202.0,30.0,2.0,137.0,92.0,72.0,25.0,22.0,8.0,9.0,15.0,11.0,140.0,77.0,60.0,29.0,21.0,8.0,11.0,28.0,1336.0,77.0,742.0,2023-07-03,nicolas jarry,jason kubler,1.215852887,2023-07-07 13:04:17.890,1.72,2.34,Nicolas Jarry,Jason Kubler,Nicolas Jarry
2023-540,Wimbledon,Grass,128,G,2023-07-03,166,100644,19.0,,Alexander Zverev,R,198.0,GER,26.2,133297,,LL,Yosuke Watanuki,R,180.0,JPN,25.2,6-4 5-7 6-2 6-2,5,R64,146.0,13.0,4.0,100.0,68.0,57.0,19.0,19.0,4.0,5.0,17.0,6.0,115.0,61.0,47.0,28.0,19.0,8.0,13.0,21.0,1630.0,116.0,547.0,2023-07-03,alexander zverev,yosuke watanuki,1.215852881,2023-07-07 12:31:12.362,1.16,7.2,Alexander Zverev,Yosuke Watanuki,Alexander Zverev
2023-540,Wimbledon,Grass,128,G,2023-07-03,167,126610,,,Matteo Berrettini,R,196.0,ITA,27.2,200282,15.0,,Alex De Minaur,R,183.0,AUS,24.3,6-3 6-4 6-4,5,R64,131.0,13.0,5.0,89.0,57.0,50.0,17.0,15.0,3.0,3.0,3.0,5.0,98.0,57.0,40.0,20.0,14.0,5.0,8.0,38.0,1082.0,17.0,2115.0,2023-07-03,matteo berrettini,alex de minaur,1.215850415,2023-07-07 13:27:15.780,2.44,200.0,Matteo Berrettini,Alex De Minaur,Matteo Berrettini
2023-540,Wimbledon,Grass,128,G,2023-07-03,168,126207,10.0,,Frances Tiafoe,R,188.0,USA,25.4,208502,,Q,Dominic Stricker,L,183.0,SUI,20.8,7-6(11) 6-4 6-2,5,R64,122.0,23.0,5.0,105.0,63.0,56.0,19.0,16.0,4.0,4.0,10.0,4.0,109.0,55.0,42.0,26.0,15.0,3.0,6.0,10.0,3085.0,117.0,535.0,2023-07-03,frances tiafoe,dominic stricker,1.215826169,2023-07-06 16:02:33.816,1.21,5.6,Frances Tiafoe,Dominic Stricker,Frances Tiafoe
2023-540,Wimbledon,Grass,128,G,2023-07-03,169,105777,21.0,,Grigor Dimitrov,R,191.0,BUL,32.1,125802,,,Ilya Ivashka,R,193.0,BLR,29.3,6-3 6-4 6-4,5,R64,130.0,11.0,5.0,96.0,61.0,49.0,16.0,15.0,4.0,6.0,5.0,5.0,101.0,61.0,41.0,14.0,14.0,5.0,10.0,24.0,1430.0,102.0,607.0,2023-07-03,grigor dimitrov,ilya ivashka,1.215831756,2023-07-06 19:13:13.070,1.19,100.0,Grigor Dimitrov,Ilya Ivashka,Grigor Dimitrov
2023-540,Wimbledon,Grass,128,G,2023-07-03,170,200221,31.0,,Alejandro Davidovich Fokina,R,183.0,ESP,24.0,122298,,,Botic Van De Zandschulp,R,191.0,NED,27.7,6-1 2-6 6-4 6-3,5,R64,170.0,6.0,5.0,117.0,78.0,56.0,20.0,17.0,6.0,8.0,9.0,7.0,113.0,63.0,45.0,23.0,17.0,6.0,11.0,34.0,1115.0,44.0,975.0,2023-07-03,alejandro davidovich fokina,botic van de zandschulp,1.215851865,2023-07-07 15:14:02.192,1.01,60.0,Alejandro Davidovich Fokina,Botic Van De Zandschulp,Alejandro Davidovich Fokina
2023-540,Wimbledon,Grass,128,G,2023-07-03,171,208029,6.0,,Holger Rune,R,188.0,DEN,20.1,106148,,,Roberto Carballes Baena,R,183.0,ESP,30.2,6-3 7-6(3) 6-4,5,R64,159.0,8.0,11.0,111.0,66.0,50.0,20.0,17.0,8.0,11.0,2.0,5.0,97.0,54.0,32.0,24.0,15.0,5.0,10.0,6.0,4510.0,57.0,850.0,2023-07-03,holger rune,roberto carballes baena,1.215848848,2023-07-07 10:07:42.953,1.08,13.0,Holger Rune,Roberto Carballes Baena,Holger Rune
2023-540,Wimbledon,Grass,128,G,2023-07-03,172,106421,3.0,,Daniil Medvedev,R,198.0,RUS,27.3,105173,,,Adrian Mannarino,L,180.0,FRA,35.0,6-3 6-3 7-6(5),5,R64,144.0,7.0,4.0,98.0,64.0,49.0,17.0,15.0,4.0,6.0,4.0,2.0,102.0,65.0,37.0,21.0,16.0,6.0,11.0,3.0,5890.0,35.0,1112.0,2023-07-03,daniil medvedev,adrian mannarino,1.215828684,2023-07-07 11:43:12.738,1.06,12.0,Daniil Medvedev,Adrian Mannarino,Daniil Medvedev
2023-540,Wimbledon,Grass,128,G,2023-07-03,173,105916,,,Marton Fucsovics,R,188.0,HUN,31.3,106218,,,Marcos Giron,R,180.0,USA,29.9,7-6(2) 6-3 4-6 6-4,5,R64,214.0,11.0,8.0,145.0,89.0,69.0,26.0,21.0,5.0,8.0,5.0,0.0,149.0,100.0,66.0,24.0,21.0,11.0,15.0,67.0,777.0,65.0,795.0,2023-07-03,marton fucsovics,marcos giron,1.215831755,2023-07-07 12:34:01.005,1.01,55.0,Marton Fucsovics,Marcos Giron,Marton Fucsovics
2023-540,Wimbledon,Grass,128,G,2023-07-03,174,208103,,,Jiri Lehecka,R,185.0,CZE,21.6,202103,18.0,,Francisco Cerundolo,R,185.0,ARG,24.8,6-2 6-2 6-2,5,R64,86.0,6.0,0.0,68.0,50.0,37.0,14.0,12.0,2.0,2.0,0.0,4.0,85.0,61.0,33.0,10.0,12.0,4.0,10.0,37.0,1083.0,19.0,1860.0,2023-07-03,jiri lehecka,francisco cerundolo,1.215825795,2023-07-06 15:59:15.571,2.08,180.0,Jiri Lehecka,Francisco Cerundolo,Jiri Lehecka
2023-540,Wimbledon,Grass,128,G,2023-07-03,175,126205,16.0,,Tommy Paul,R,185.0,USA,26.1,105683,,,Milos Raonic,R,196.0,CAN,32.5,6-4 7-6(4) 6-7(4) 6-4,5,R64,181.0,13.0,4.0,125.0,74.0,62.0,28.0,23.0,1.0,3.0,21.0,8.0,142.0,89.0,69.0,24.0,23.0,10.0,14.0,15.0,2250.0,849.0,20.0,2023-07-03,tommy paul,milos raonic,1.215827156,2023-07-06 17:08:09.674,1.01,100.0,Tommy Paul,Milos Raonic,Tommy Paul
2023-540,Wimbledon,Grass,128,G,2023-07-03,176,111153,,,Christopher Eubanks,R,201.0,USA,27.1,111815,12.0,,Cameron Norrie,L,188.0,GBR,27.8,6-3 3-6 6-2 7-6(3),5,R64,150.0,21.0,3.0,105.0,74.0,56.0,21.0,19.0,0.0,2.0,8.0,5.0,128.0,81.0,58.0,19.0,20.0,9.0,13.0,43.0,976.0,13.0,2610.0,2023-07-03,christopher eubanks,cameron norrie,1.215832123,2023-07-07 17:00:17.486,1.04,30.0,Christopher Eubanks,Cameron Norrie,Christopher Eubanks
2023-540,Wimbledon,Grass,128,G,2023-07-03,179,126774,5.0,,Stefanos Tsitsipas,R,193.0,GRE,24.8,104918,,,Andy Murray,R,191.0,GBR,36.1,7-6(3) 6-7(2) 4-6 7-6(3) 6-4,5,R64,280.0,17.0,1.0,171.0,118.0,94.0,30.0,28.0,0.0,1.0,13.0,2.0,174.0,105.0,82.0,47.0,31.0,5.0,6.0,5.0,4670.0,40.0,1030.0,2023-07-03,stefanos tsitsipas,andy murray,1.215832131,2023-07-07 17:16:28.436,1.01,65.0,Stefanos Tsitsipas,Andy Murray,Stefanos Tsitsipas
2023-540,Wimbledon,Grass,128,G,2023-07-03,180,206173,8.0,,Jannik Sinner,R,191.0,ITA,21.8,106043,,,Diego Schwartzman,R,170.0,ARG,30.8,7-5 6-1 6-2,5,R64,122.0,15.0,1.0,83.0,47.0,38.0,21.0,14.0,4.0,5.0,1.0,2.0,81.0,58.0,34.0,9.0,13.0,4.0,10.0,8.0,3345.0,98.0,615.0,2023-07-03,jannik sinner,diego schwartzman,1.215776559,2023-07-05 17:44:12.660,1.08,13.0,Jannik Sinner,Diego Schwartzman,Jannik Sinner
2023-540,Wimbledon,Grass,128,G,2023-07-03,181,111460,,,Quentin Halys,R,191.0,FRA,26.6,126846,,,Aleksandar Vukic,R,188.0,AUS,27.2,6-3 6-1 6-4,5,R64,89.0,14.0,2.0,71.0,43.0,35.0,20.0,13.0,0.0,0.0,6.0,3.0,77.0,48.0,33.0,12.0,13.0,4.0,9.0,79.0,741.0,87.0,679.0,2023-07-03,quentin halys,aleksandar vukic,1.215801732,2023-07-06 10:09:29.306,1.72,2.38,Quentin Halys,Aleksandar Vukic,Quentin Halys
2023-540,Wimbledon,Grass,128,G,2023-07-03,182,123755,,,Daniel Elahi Galan,R,191.0,COL,27.0,106214,,Q,Oscar Otte,R,193.0,GER,29.9,6-3 3-6 6-3 7-6(3),5,R64,152.0,12.0,2.0,116.0,76.0,62.0,21.0,21.0,0.0,2.0,11.0,8.0,126.0,74.0,55.0,24.0,19.0,9.0,12.0,85.0,693.0,233.0,251.0,2023-07-03,daniel elahi galan,oscar otte,1.215775398,2023-07-06 16:27:09.470,2.6,50.0,Daniel Elahi Galan,Oscar Otte,Daniel Elahi Galan
2023-540,Wimbledon,Grass,128,G,2023-07-03,184,105550,,,Guido Pella,L,183.0,ARG,33.1,208004,,Q,Harold Mayot,R,180.0,FRA,21.4,2-6 6-3 7-6(3) 7-5,5,R64,162.0,5.0,0.0,143.0,112.0,73.0,18.0,22.0,8.0,12.0,13.0,4.0,112.0,73.0,55.0,18.0,20.0,1.0,5.0,308.0,170.0,181.0,321.0,2023-07-03,guido pella,harold mayot,1.215825686,2023-07-06 17:22:00.306,1.2,6.0,Guido Pella,Harold Mayot,Guido Pella
2023-540,Wimbledon,Grass,128,G,2023-07-03,185,126128,,,Roman Safiullin,R,185.0,RUS,25.9,144895,,,Corentin Moutet,L,180.0,FRA,24.2,7-5 6-3 7-6(4),5,R64,170.0,5.0,8.0,106.0,63.0,50.0,20.0,18.0,5.0,9.0,5.0,3.0,122.0,78.0,49.0,19.0,16.0,9.0,15.0,92.0,663.0,71.0,768.0,2023-07-03,roman safiullin,corentin moutet,1.215826434,2023-07-06 14:04:42.466,1.62,2.52,Roman Safiullin,Corentin Moutet,Roman Safiullin
2023-540,Wimbledon,Grass,128,G,2023-07-03,186,133430,26.0,,Denis Shapovalov,L,185.0,CAN,24.2,106296,,,Gregoire Barrere,R,183.0,FRA,29.3,6-3 6-4 7-6(7),5,R64,113.0,18.0,3.0,98.0,71.0,59.0,16.0,16.0,1.0,1.0,5.0,0.0,99.0,70.0,47.0,19.0,16.0,3.0,5.0,29.0,1335.0,49.0,889.0,2023-07-03,denis shapovalov,gregoire barrere,1.215827792,2023-07-06 13:41:21.866,1.05,17.5,Denis Shapovalov,Gregoire Barrere,Denis Shapovalov
2023-540,Wimbledon,Grass,128,G,2023-07-03,188,126094,7.0,,Andrey Rublev,R,188.0,RUS,25.7,106234,,,Aslan Karatsev,R,185.0,RUS,29.8,6-7(4) 6-3 6-4 7-5,5,R64,172.0,12.0,1.0,130.0,80.0,61.0,29.0,23.0,2.0,4.0,8.0,5.0,132.0,79.0,53.0,29.0,21.0,5.0,10.0,7.0,4255.0,50.0,888.0,2023-07-03,andrey rublev,aslan karatsev,1.21576972,2023-07-06 14:45:32.858,1.22,200.0,Andrey Rublev,Aslan Karatsev,Andrey Rublev
2023-540,Wimbledon,Grass,128,G,2023-07-03,189,105676,,WC,David Goffin,R,180.0,BEL,32.5,144642,,Q,Tomas Barrios Vera,R,191.0,CHI,25.5,7-6(3) 5-7 6-2 6-0,5,R64,200.0,12.0,4.0,125.0,73.0,51.0,25.0,19.0,5.0,9.0,5.0,3.0,147.0,88.0,45.0,32.0,20.0,16.0,24.0,123.0,503.0,133.0,456.0,2023-07-03,david goffin,tomas barrios vera,1.215770518,2023-07-06 14:26:21.187,1.4,3.5,David Goffin,Tomas Barrios Vera,David Goffin
2023-540,Wimbledon,Grass,128,G,2023-07-03,191,109739,,Q,Maximilian Marterer,L,188.0,GER,28.0,111581,,LL,Michael Mmoh,R,188.0,USA,25.4,7-5 7-6(5) 6-4,5,R64,147.0,13.0,3.0,106.0,69.0,58.0,22.0,18.0,4.0,4.0,17.0,2.0,109.0,70.0,57.0,17.0,17.0,4.0,6.0,170.0,342.0,119.0,527.0,2023-07-03,maximilian marterer,michael mmoh,1.215773998,2023-07-06 10:15:19.063,2.04,1.93,Maximilian Marterer,Michael Mmoh,Maximilian Marterer
2023-540,Wimbledon,Grass,128,G,2023-07-03,192,207518,14.0,,Lorenzo Musetti,R,185.0,ITA,21.3,144719,,,Jaume Munar,R,183.0,ESP,26.1,6-4 6-3 6-1,5,R64,137.0,6.0,10.0,104.0,61.0,46.0,21.0,13.0,5.0,5.0,0.0,4.0,94.0,53.0,30.0,19.0,13.0,9.0,14.0,16.0,2210.0,109.0,570.0,2023-07-03,lorenzo musetti,jaume munar,1.215772428,2023-07-06 10:09:24.258,1.2,6.0,Lorenzo Musetti,Jaume Munar,Lorenzo Musetti
2023-540,Wimbledon,Grass,128,G,2023-07-03,195,104925,2.0,,Novak Djokovic,R,188.0,SRB,36.1,111442,,,Jordan Thompson,R,183.0,AUS,29.2,6-3 7-6(4) 7-5,5,R64,148.0,8.0,0.0,94.0,65.0,57.0,19.0,18.0,0.0,0.0,21.0,2.0,105.0,67.0,53.0,18.0,16.0,3.0,5.0,2.0,7595.0,70.0,769.0,2023-07-03,novak djokovic,jordan thompson,1.215771546,2023-07-05 18:37:17.608,1.03,100.0,Novak Djokovic,Jordan Thompson,Novak Djokovic
2023-540,Wimbledon,Grass,128,G,2023-07-03,196,207989,1.0,,Carlos Alcaraz,R,183.0,ESP,20.1,111797,25.0,,Nicolas Jarry,R,201.0,CHI,27.7,6-3 6-7(6) 6-3 7-5,5,R32,236.0,12.0,7.0,151.0,93.0,72.0,30.0,23.0,5.0,7.0,15.0,3.0,149.0,110.0,79.0,14.0,20.0,9.0,14.0,1.0,7675.0,28.0,1336.0,2023-07-03,carlos alcaraz,nicolas jarry,1.215887794,2023-07-08 16:37:15.429,1.09,100.0,Carlos Alcaraz,Nicolas Jarry,Carlos Alcaraz
2023-540,Wimbledon,Grass,128,G,2023-07-03,197,126610,,,Matteo Berrettini,R,196.0,ITA,27.2,100644,19.0,,Alexander Zverev,R,198.0,GER,26.2,6-3 7-6(4) 7-6(5),5,R32,147.0,15.0,3.0,112.0,77.0,66.0,17.0,19.0,1.0,1.0,12.0,1.0,89.0,72.0,59.0,11.0,16.0,4.0,5.0,38.0,1082.0,21.0,1630.0,2023-07-03,matteo berrettini,alexander zverev,1.215885843,2023-07-08 20:37:14.747,1.01,15.5,Matteo Berrettini,Alexander Zverev,Matteo Berrettini
2023-540,Wimbledon,Grass,128,G,2023-07-03,198,105777,21.0,,Grigor Dimitrov,R,191.0,BUL,32.1,126207,10.0,,Frances Tiafoe,R,188.0,USA,25.4,6-2 6-3 6-2,5,R32,99.0,13.0,3.0,65.0,40.0,37.0,16.0,13.0,0.0,0.0,5.0,1.0,69.0,36.0,22.0,17.0,12.0,4.0,9.0,24.0,1430.0,10.0,3085.0,2023-07-03,grigor dimitrov,frances tiafoe,1.215856907,2023-07-09 12:27:17.210,1.13,9.2,Grigor Dimitrov,Frances Tiafoe,Grigor Dimitrov
2023-540,Wimbledon,Grass,128,G,2023-07-03,199,208029,6.0,,Holger Rune,R,188.0,DEN,20.1,200221,31.0,,Alejandro Davidovich Fokina,R,183.0,ESP,24.0,6-3 4-6 3-6 6-4 7-6(8),5,R32,239.0,19.0,9.0,170.0,110.0,83.0,29.0,26.0,12.0,16.0,7.0,0.0,167.0,115.0,80.0,31.0,25.0,10.0,14.0,6.0,4510.0,34.0,1115.0,2023-07-03,holger rune,alejandro davidovich fokina,1.215895552,2023-07-08 18:15:27.840,1.03,46.0,Holger Rune,Alejandro Davidovich Fokina,Holger Rune
2023-540,Wimbledon,Grass,128,G,2023-07-03,200,106421,3.0,,Daniil Medvedev,R,198.0,RUS,27.3,105916,,,Marton Fucsovics,R,188.0,HUN,31.3,4-6 6-3 6-4 6-4,5,R32,184.0,6.0,5.0,127.0,97.0,74.0,12.0,20.0,4.0,5.0,4.0,4.0,119.0,69.0,51.0,25.0,19.0,5.0,8.0,3.0,5890.0,67.0,777.0,2023-07-03,daniil medvedev,marton fucsovics,1.215881766,2023-07-08 12:10:17.236,1.22,5.4,Daniil Medvedev,Marton Fucsovics,Daniil Medvedev
2023-540,Wimbledon,Grass,128,G,2023-07-03,203,126774,5.0,,Stefanos Tsitsipas,R,193.0,GRE,24.8,111513,,,Laslo Djere,R,188.0,SRB,28.0,6-4 7-6(5) 6-4,5,R32,131.0,6.0,1.0,104.0,72.0,59.0,17.0,17.0,3.0,4.0,4.0,3.0,86.0,56.0,48.0,14.0,16.0,1.0,4.0,5.0,4670.0,60.0,820.0,2023-07-03,stefanos tsitsipas,laslo djere,1.215888358,2023-07-08 16:44:20.847,1.21,1000.0,Stefanos Tsitsipas,Laslo Djere,Stefanos Tsitsipas
2023-540,Wimbledon,Grass,128,G,2023-07-03,204,206173,8.0,,Jannik Sinner,R,191.0,ITA,21.8,111460,,,Quentin Halys,R,191.0,FRA,26.6,3-6 6-2 6-3 6-4,5,R32,145.0,9.0,8.0,98.0,48.0,40.0,31.0,18.0,2.0,4.0,14.0,9.0,115.0,61.0,46.0,25.0,18.0,6.0,11.0,8.0,3345.0,79.0,741.0,2023-07-03,jannik sinner,quentin halys,1.215848147,2023-07-07 15:28:38.278,1.18,290.0,Jannik Sinner,Quentin Halys,Jannik Sinner
2023-540,Wimbledon,Grass,128,G,2023-07-03,206,126128,,,Roman Safiullin,R,185.0,RUS,25.9,105550,,,Guido Pella,L,183.0,ARG,33.1,7-6(1) 6-4 6-0,5,R32,107.0,11.0,1.0,82.0,57.0,45.0,18.0,14.0,2.0,3.0,7.0,2.0,88.0,66.0,38.0,10.0,15.0,3.0,8.0,92.0,663.0,308.0,170.0,2023-07-03,roman safiullin,guido pella,1.215854905,2023-07-07 15:38:16.536,1.5,3.05,Roman Safiullin,Guido Pella,Roman Safiullin
2023-540,Wimbledon,Grass,128,G,2023-07-03,207,133430,26.0,,Denis Shapovalov,L,185.0,CAN,24.2,106281,,WC,Liam Broady,L,183.0,GBR,29.4,4-6 6-2 7-5 7-5,5,R32,192.0,14.0,14.0,145.0,80.0,57.0,31.0,21.0,12.0,17.0,1.0,4.0,130.0,70.0,44.0,27.0,21.0,7.0,15.0,29.0,1335.0,142.0,422.0,2023-07-03,denis shapovalov,liam broady,1.215853997,2023-07-07 18:29:13.654,1.34,490.0,Denis Shapovalov,Liam Broady,Denis Shapovalov
2023-540,Wimbledon,Grass,128,G,2023-07-03,208,126094,7.0,,Andrey Rublev,R,188.0,RUS,25.7,105676,,WC,David Goffin,R,180.0,BEL,32.5,6-3 6-7(6) 7-6(5) 6-2,5,R32,180.0,14.0,3.0,143.0,78.0,61.0,34.0,23.0,5.0,8.0,7.0,6.0,147.0,85.0,57.0,30.0,20.0,9.0,15.0,7.0,4255.0,123.0,503.0,2023-07-03,andrey rublev,david goffin,1.215855149,2023-07-07 18:44:22.457,1.21,1000.0,Andrey Rublev,David Goffin,Andrey Rublev
2023-540,Wimbledon,Grass,128,G,2023-07-03,209,122330,23.0,,Alexander Bublik,R,196.0,KAZ,26.0,109739,,Q,Maximilian Marterer,L,188.0,GER,28.0,6-4 6-1 7-6(4),5,R32,112.0,10.0,7.0,81.0,45.0,40.0,24.0,14.0,4.0,4.0,5.0,3.0,104.0,70.0,45.0,16.0,16.0,5.0,9.0,26.0,1354.0,170.0,342.0,2023-07-03,alexander bublik,maximilian marterer,1.215849254,2023-07-07 13:43:13.019,1.15,6.8,Alexander Bublik,Maximilian Marterer,Alexander Bublik
2023-540,Wimbledon,Grass,128,G,2023-07-03,210,128034,17.0,,Hubert Hurkacz,R,196.0,POL,26.3,207518,14.0,,Lorenzo Musetti,R,185.0,ITA,21.3,7-6(4) 6-4 6-4,5,R32,124.0,16.0,3.0,95.0,64.0,51.0,19.0,16.0,4.0,4.0,4.0,7.0,103.0,69.0,50.0,17.0,17.0,2.0,4.0,18.0,2060.0,16.0,2210.0,2023-07-03,hubert hurkacz,lorenzo musetti,1.215849263,2023-07-07 13:49:16.057,1.01,100.0,Hubert Hurkacz,Lorenzo Musetti,Hubert Hurkacz
2023-540,Wimbledon,Grass,128,G,2023-07-03,211,104925,2.0,,Novak Djokovic,R,188.0,SRB,36.1,104527,,,Stan Wawrinka,R,183.0,SUI,38.2,6-3 6-1 7-6(5),5,R32,127.0,11.0,1.0,75.0,48.0,43.0,17.0,15.0,0.0,0.0,6.0,0.0,92.0,39.0,27.0,28.0,14.0,5.0,9.0,2.0,7595.0,88.0,674.0,2023-07-03,novak djokovic,stan wawrinka,1.215849759,2023-07-07 19:39:31.912,1.04,21.0,Novak Djokovic,Stan Wawrinka,Novak Djokovic
2023-540,Wimbledon,Grass,128,G,2023-07-03,212,207989,1.0,,Carlos Alcaraz,R,183.0,ESP,20.1,126610,,,Matteo Berrettini,R,196.0,ITA,27.2,3-6 6-3 6-3 6-3,5,R16,185.0,4.0,6.0,106.0,67.0,53.0,23.0,18.0,2.0,3.0,9.0,0.0,119.0,84.0,56.0,17.0,18.0,12.0,16.0,1.0,7675.0,38.0,1082.0,2023-07-03,carlos alcaraz,matteo berrettini,1.215917439,2023-07-10 19:55:09.237,1.46,800.0,Carlos Alcaraz,Matteo Berrettini,Carlos Alcaraz
2023-540,Wimbledon,Grass,128,G,2023-07-03,213,208029,6.0,,Holger Rune,R,188.0,DEN,20.1,105777,21.0,,Grigor Dimitrov,R,191.0,BUL,32.1,3-6 7-6(6) 7-6(4) 6-3,5,R16,201.0,11.0,5.0,127.0,78.0,64.0,29.0,22.0,1.0,3.0,14.0,8.0,147.0,81.0,65.0,35.0,22.0,7.0,9.0,6.0,4510.0,24.0,1430.0,2023-07-03,holger rune,grigor dimitrov,1.215931528,2023-07-10 19:20:07.265,1.04,26.0,Holger Rune,Grigor Dimitrov,Holger Rune
2023-540,Wimbledon,Grass,128,G,2023-07-03,214,106421,3.0,,Daniil Medvedev,R,198.0,RUS,27.3,208103,,,Jiri Lehecka,R,185.0,CZE,21.6,6-4 6-2 RET,5,R16,91.0,9.0,2.0,47.0,29.0,28.0,8.0,9.0,0.0,0.0,5.0,3.0,75.0,44.0,30.0,11.0,9.0,11.0,14.0,3.0,5890.0,37.0,1083.0,2023-07-03,daniil medvedev,jiri lehecka,1.215913721,2023-07-10 13:39:29.571,1.02,90.0,Daniil Medvedev,Jiri Lehecka,Daniil Medvedev
2023-540,Wimbledon,Grass,128,G,2023-07-03,215,111153,,,Christopher Eubanks,R,201.0,USA,27.1,126774,5.0,,Stefanos Tsitsipas,R,193.0,GRE,24.8,3-6 7-6(4) 3-6 6-4 6-4,5,R16,184.0,13.0,5.0,152.0,102.0,75.0,26.0,27.0,8.0,13.0,11.0,4.0,134.0,90.0,72.0,26.0,24.0,4.0,7.0,43.0,976.0,5.0,4670.0,2023-07-03,christopher eubanks,stefanos tsitsipas,1.215913291,2023-07-10 15:31:49.833,1.01,100.0,Christopher Eubanks,Stefanos Tsitsipas,Christopher Eubanks
2023-540,Wimbledon,Grass,128,G,2023-07-03,216,206173,8.0,,Jannik Sinner,R,191.0,ITA,21.8,123755,,,Daniel Elahi Galan,R,191.0,COL,27.0,7-6(4) 6-4 6-3,5,R16,157.0,12.0,1.0,88.0,48.0,41.0,28.0,17.0,4.0,5.0,12.0,3.0,127.0,79.0,58.0,18.0,15.0,17.0,20.0,8.0,3345.0,85.0,693.0,2023-07-03,jannik sinner,daniel elahi galan,1.215891272,2023-07-09 13:50:18.235,1.06,17.0,Jannik Sinner,Daniel Elahi Galan,Jannik Sinner
2023-540,Wimbledon,Grass,128,G,2023-07-03,217,126128,,,Roman Safiullin,R,185.0,RUS,25.9,133430,26.0,,Denis Shapovalov,L,185.0,CAN,24.2,3-6 6-3 6-1 6-3,5,R16,131.0,6.0,3.0,99.0,68.0,51.0,21.0,17.0,2.0,3.0,8.0,11.0,96.0,61.0,45.0,13.0,17.0,4.0,9.0,92.0,663.0,29.0,1335.0,2023-07-03,roman safiullin,denis shapovalov,1.215890676,2023-07-09 15:31:04.766,2.46,140.0,Roman Safiullin,Denis Shapovalov,Roman Safiullin
2023-540,Wimbledon,Grass,128,G,2023-07-03,218,126094,7.0,,Andrey Rublev,R,188.0,RUS,25.7,122330,23.0,,Alexander Bublik,R,196.0,KAZ,26.0,7-5 6-3 6-7(6) 6-7(5) 6-4,5,R16,197.0,21.0,2.0,167.0,113.0,91.0,35.0,30.0,5.0,5.0,39.0,14.0,164.0,113.0,93.0,24.0,27.0,6.0,9.0,7.0,4255.0,26.0,1354.0,2023-07-03,andrey rublev,alexander bublik,1.21589068,2023-07-09 15:57:16.441,1.94,100.0,Andrey Rublev,Alexander Bublik,Andrey Rublev
2023-540,Wimbledon,Grass,128,G,2023-07-03,219,104925,2.0,,Novak Djokovic,R,188.0,SRB,36.1,128034,17.0,,Hubert Hurkacz,R,196.0,POL,26.3,7-6(6) 7-6(6) 5-7 6-4,5,R16,187.0,18.0,3.0,125.0,89.0,79.0,22.0,24.0,1.0,2.0,33.0,4.0,146.0,106.0,86.0,19.0,24.0,7.0,8.0,2.0,7595.0,18.0,2060.0,2023-07-03,novak djokovic,hubert hurkacz,1.215895237,2023-07-10 13:38:11.330,1.03,46.0,Novak Djokovic,Hubert Hurkacz,Novak Djokovic
2023-540,Wimbledon,Grass,128,G,2023-07-03,220,207989,1.0,,Carlos Alcaraz,R,183.0,ESP,20.1,208029,6.0,,Holger Rune,R,188.0,DEN,20.1,7-6(3) 6-4 6-4,5,QF,141.0,4.0,2.0,92.0,57.0,45.0,25.0,16.0,1.0,1.0,2.0,3.0,97.0,56.0,42.0,22.0,17.0,1.0,3.0,1.0,7675.0,6.0,4510.0,2023-07-03,carlos alcaraz,holger rune,1.215977189,2023-07-12 17:30:17.666,1.26,100.0,Carlos Alcaraz,Holger Rune,Carlos Alcaraz
2023-540,Wimbledon,Grass,128,G,2023-07-03,221,106421,3.0,,Daniil Medvedev,R,198.0,RUS,27.3,111153,,,Christopher Eubanks,R,201.0,USA,27.1,6-4 1-6 4-6 7-6(4) 6-1,5,QF,178.0,28.0,5.0,124.0,86.0,68.0,24.0,22.0,4.0,7.0,17.0,10.0,159.0,112.0,82.0,19.0,25.0,3.0,7.0,3.0,5890.0,43.0,976.0,2023-07-03,daniil medvedev,christopher eubanks,1.215968007,2023-07-12 17:00:20.292,1.03,1000.0,Daniil Medvedev,Christopher Eubanks,Daniil Medvedev
2023-540,Wimbledon,Grass,128,G,2023-07-03,222,206173,8.0,,Jannik Sinner,R,191.0,ITA,21.8,126128,,,Roman Safiullin,R,185.0,RUS,25.9,6-4 3-6 6-2 6-2,5,QF,134.0,14.0,2.0,88.0,48.0,43.0,22.0,17.0,3.0,5.0,8.0,7.0,105.0,65.0,39.0,23.0,18.0,6.0,12.0,8.0,3345.0,92.0,663.0,2023-07-03,jannik sinner,roman safiullin,1.215940893,2023-07-11 17:07:13.087,1.2,200.0,Jannik Sinner,Roman Safiullin,Jannik Sinner
2023-540,Wimbledon,Grass,128,G,2023-07-03,223,104925,2.0,,Novak Djokovic,R,188.0,SRB,36.1,126094,7.0,,Andrey Rublev,R,188.0,RUS,25.7,4-6 6-1 6-4 6-3,5,QF,168.0,5.0,1.0,114.0,71.0,53.0,28.0,18.0,7.0,8.0,6.0,2.0,103.0,60.0,44.0,19.0,18.0,7.0,12.0,2.0,7595.0,7.0,4255.0,2023-07-03,novak djokovic,andrey rublev,1.215967087,2023-07-11 18:47:04.988,1.1,120.0,Novak Djokovic,Andrey Rublev,Novak Djokovic
2023-540,Wimbledon,Grass,128,G,2023-07-03,224,207989,1.0,,Carlos Alcaraz,R,183.0,ESP,20.1,106421,3.0,,Daniil Medvedev,R,198.0,RUS,27.3,6-3 6-3 6-3,5,SF,110.0,4.0,3.0,79.0,56.0,41.0,13.0,14.0,2.0,4.0,5.0,4.0,80.0,47.0,33.0,10.0,13.0,8.0,14.0,1.0,7675.0,3.0,5890.0,2023-07-03,carlos alcaraz,daniil medvedev,1.216024485,2023-07-14 17:42:57.139,1.43,290.0,Carlos Alcaraz,Daniil Medvedev,Carlos Alcaraz
2023-540,Wimbledon,Grass,128,G,2023-07-03,225,104925,2.0,,Novak Djokovic,R,188.0,SRB,36.1,206173,8.0,,Jannik Sinner,R,191.0,ITA,21.8,6-3 6-4 7-6(4),5,SF,167.0,11.0,0.0,112.0,65.0,49.0,28.0,17.0,6.0,6.0,8.0,3.0,90.0,54.0,41.0,20.0,15.0,7.0,9.0,2.0,7595.0,8.0,3345.0,2023-07-03,novak djokovic,jannik sinner,1.21600112,2023-07-14 15:26:20.822,1.25,55.0,Novak Djokovic,Jannik Sinner,Novak Djokovic
2023-540,Wimbledon,Grass,128,G,2023-07-03,226,207989,1.0,,Carlos Alcaraz,R,183.0,ESP,20.1,104925,2.0,,Novak Djokovic,R,188.0,SRB,36.1,1-6 7-6(6) 6-1 3-6 6-4,5,F,283.0,9.0,7.0,150.0,94.0,66.0,28.0,22.0,10.0,15.0,2.0,3.0,184.0,118.0,73.0,37.0,24.0,14.0,19.0,1.0,7675.0,2.0,7595.0,2023-07-03,carlos alcaraz,novak djokovic,1.216076972,2023-07-16 17:52:12.856,1.01,100.0,Carlos Alcaraz,Novak Djokovic,Carlos Alcaraz
